Handle;Title;Body (HTML);Vendor;Product Category;Type;Tags;Published;Option1 Name;Option1 Value;Variant SKU;Variant Price;Variant Inventory Qty;Image Src;Image Position;Image Alt Text;Status
womens-astoria-west-sandal-naval-academy-reef-waters;KEEN Astoria West Sandal Naval Academy/Reef Waters (Women's);Our original hybrid sandal, with lift and a women's-specific fit. Designed by women, for women to go trail to town in the same sandal.;KEEN;Apparel & Accessories > Shoes;Footwear;ASTORIA_WEST_SANDAL;;;;;;;;;;
womens-astoria-west-sandal-naval-academy-reef-waters;;;;;;;;;;;;;https://cdn.shopify.com/s/files/1/0607/3263/7348/files/17151a97f139bd1fd38c3103df3829e88cb78985.jpg?v=1739289778;2;;
womens-astoria-west-sandal-naval-academy-reef-waters;;;;;;;;;;;;;https://cdn.shopify.com/s/files/1/0607/3263/7348/files/ae6fde75e4e0fcb39079c9f0778b7ca7128c86ec.jpg?v=1739289778;3;;
womens-astoria-west-sandal-naval-academy-reef-waters;;;;;;;;;;;;;https://cdn.shopify.com/s/files/1/0607/3263/7348/files/fc01621d5735375b3b1f0ac69062864edd63f409.jpg?v=1739289778;4;;
womens-astoria-west-sandal-naval-academy-reef-waters;;;;;;;;;;;;;https://cdn.shopify.com/s/files/1/0607/3263/7348/files/8e84dad02e57674ae8454e4c72431787c20fa835.jpg?v=1739289778;5;;
womens-astoria-west-sandal-naval-academy-reef-waters;;;;;;;;;;;;;https://cdn.shopify.com/s/files/1/0607/3263/7348/files/0b196e22a3550b73049f62b65f74c960ffaa52ca.jpg?v=1739289778;6;;
womens-astoria-west-sandal-naval-academy-reef-waters;;;;;;;;;;;;;https://cdn.shopify.com/s/files/1/0607/3263/7348/files/AstoriaWestSandalLifestylePDPDoublewide_add51be8-ff29-485f-bc2f-b4c864493044.jpg?v=1739289778;7;;
womens-astoria-west-sandal-naval-academy-reef-waters;;;;;;;;;;;;;https://cdn.shopify.com/s/files/1/0607/3263/7348/files/AstoriaWestSandalLifestylePDPSingleLeft_c76272b2-0ab9-47b2-a397-45038ced17f7.jpg?v=1739289778;8;;
womens-astoria-west-sandal-naval-academy-reef-waters;;;;;;;;;;;;;https://cdn.shopify.com/s/files/1/0607/3263/7348/files/AstoriaWestSandalLifestylePDPSingleRight_ec5981c9-baa3-410c-9447-75fe27a3333a.jpg?v=1739289778;9;;
mens-hightrail-mid-waterproof-brindle-oak-buff;KEEN Hightrail Mid Wp Brindle/Oak Buff (Men's);Fast & light meets rugged & supportive. Experience a blend of athletic performance and outdoor durability, with traction, stability, and waterproof protection for any trail.;KEEN;Apparel & Accessories > Shoes;Footwear;HIGHTRAIL_MID_WP;;;;;;;;;;
mens-hightrail-mid-waterproof-brindle-oak-buff;;;;;;;;;;;;;https://cdn.shopify.com/s/files/1/0607/3263/7348/files/dc7fdfe1ede93560be3776fff171c55322ce2481.jpg?v=1764707559;2;;
mens-hightrail-mid-waterproof-brindle-oak-buff;;;;;;;;;;;;;https://cdn.shopify.com/s/files/1/0607/3263/7348/files/97d5e34a8fc0ab06c4eab995ec7890675cb42ded.jpg?v=1764707559;3;;
mens-hightrail-mid-waterproof-brindle-oak-buff;;;;;;;;;;;;;https://cdn.shopify.com/s/files/1/0607/3263/7348/files/e04bb8b635316d8c69b117620c784027d497519f_191ca15d-2ed0-491b-9d75-6671fa35f512.jpg?v=1764707559;4;;
mens-hightrail-mid-waterproof-brindle-oak-buff;;;;;;;;;;;;;https://cdn.shopify.com/s/files/1/0607/3263/7348/files/7b0781a076def3ea2c7556af7b0a8f00946c4cb9.jpg?v=1764707559;5;;
mens-hightrail-mid-waterproof-brindle-oak-buff;;;;;;;;;;;;;https://cdn.shopify.com/s/files/1/0607/3263/7348/files/7458c379070497b59f53f9e913aa414c29296e79.jpg?v=1764707559;6;;
mens-hightrail-mid-waterproof-brindle-oak-buff;;;;;;;;;;;;;https://cdn.shopify.com/s/files/1/0607/3263/7348/files/1030343Men_sHightrailWaterproofHikingBootBrindle_OakBuff01.jpg?v=1764707559;7;;
mens-hightrail-mid-waterproof-brindle-oak-buff;;;;;;;;;;;;;https://cdn.shopify.com/s/files/1/0607/3263/7348/files/men_smid_lifestyle_02_7f9cd669-ed1e-43e5-9fe4-3948577408b0.jpg?v=1764707559;8;;
mens-hightrail-mid-waterproof-brindle-oak-buff;;;;;;;;;;;;;https://cdn.shopify.com/s/files/1/0607/3263/7348/files/men_smid_lifestyle_03_ba37087f-ee36-4258-8d88-07cea140b7a0.jpg?v=1764707559;9;;
womens-hightrail-waterproof-roasted-pecan-chipmunk;KEEN Hightrail Wp Roasted Pecan/Chipmunk (Women's);Fast & light meets rugged & supportive. Experience a blend of athletic performance and outdoor durability, with traction and waterproof protection for any trail.;KEEN;Apparel & Accessories > Shoes;Footwear;HIGHTRAIL_WP;;;;;;;;;;
womens-hightrail-waterproof-roasted-pecan-chipmunk;;;;;;;;;;;;;https://cdn.shopify.com/s/files/1/0607/3263/7348/files/f7045a8edbdbd522d8e4dd2677178420b601727b.jpg?v=1764713671;2;;
womens-hightrail-waterproof-roasted-pecan-chipmunk;;;;;;;;;;;;;https://cdn.shopify.com/s/files/1/0607/3263/7348/files/32a386dd6f5be7f0086276587205b069623148f5.jpg?v=1764713671;3;;
womens-hightrail-waterproof-roasted-pecan-chipmunk;;;;;;;;;;;;;https://cdn.shopify.com/s/files/1/0607/3263/7348/files/cb62edac2d179bdb4431035b40eedaa8097889ce.jpg?v=1764713671;4;;
womens-hightrail-waterproof-roasted-pecan-chipmunk;;;;;;;;;;;;;https://cdn.shopify.com/s/files/1/0607/3263/7348/files/7284d874153d31fb62a074f4bf5f57f757d93b27.jpg?v=1764713671;5;;
womens-hightrail-waterproof-roasted-pecan-chipmunk;;;;;;;;;;;;;https://cdn.shopify.com/s/files/1/0607/3263/7348/files/2941b0fba7bdcd86f3a59c6fdcc8e9ab2731845c.jpg?v=1764713671;6;;
womens-hightrail-waterproof-roasted-pecan-chipmunk;;;;;;;;;;;;;https://cdn.shopify.com/s/files/1/0607/3263/7348/files/1030349_lifestyle_01_ec3a1158-5e2e-4466-9239-e449f4771bf9.jpg?v=1764713671;7;;
womens-hightrail-waterproof-roasted-pecan-chipmunk;;;;;;;;;;;;;https://cdn.shopify.com/s/files/1/0607/3263/7348/files/1030359Women_sHightrailWaterproofHikingShoeRoastedPecan_Chipmunk02.jpg?v=1764713671;8;;
womens-hightrail-waterproof-roasted-pecan-chipmunk;;;;;;;;;;;;;https://cdn.shopify.com/s/files/1/0607/3263/7348/files/1030359Women_sHightrailWaterproofHikingShoeRoastedPecan_Chipmunk03.jpg?v=1764713671;9;;
mens-hyperport-h2-abbey-stone-golden-cypress;KEEN Hyperport H2 Abbey Stone/Golden Cypres (Men's);Hybrid versatility meets hyper comfort – thanks to maximal cushioning from the high-rebound insole and extra thick midsole.;KEEN;Apparel & Accessories > Shoes;Footwear;HYPERPORT_H2;;;;;;;;;;
mens-hyperport-h2-abbey-stone-golden-cypress;;;;;;;;;;;;;https://cdn.shopify.com/s/files/1/0607/3263/7348/files/327dec4c9498d84bbac40881c6e15e003447df3b.jpg?v=1769549049;2;;
mens-hyperport-h2-abbey-stone-golden-cypress;;;;;;;;;;;;;https://cdn.shopify.com/s/files/1/0607/3263/7348/files/a2d3eba8e3e96e253a8582ac086d07f542432f19.jpg?v=1769549049;3;;
mens-hyperport-h2-abbey-stone-golden-cypress;;;;;;;;;;;;;https://cdn.shopify.com/s/files/1/0607/3263/7348/files/008d6a6f33b7c6c80019a9c3e1bcb413f7759be7.jpg?v=1769549049;4;;
mens-hyperport-h2-abbey-stone-golden-cypress;;;;;;;;;;;;;https://cdn.shopify.com/s/files/1/0607/3263/7348/files/f541fcce99db5ea41340aaf92d259898d28d8e91.jpg?v=1769549049;5;;
mens-hyperport-h2-abbey-stone-golden-cypress;;;;;;;;;;;;;https://cdn.shopify.com/s/files/1/0607/3263/7348/files/f4ba5153bce5fcdbb30c7a51f59dd93f409617dc.jpg?v=1769549049;6;;
mens-hyperport-h2-abbey-stone-golden-cypress;;;;;;;;;;;;;https://cdn.shopify.com/s/files/1/0607/3263/7348/files/KEEN_M_1028654_HyperportH2_PDP_Lifestyle_Doublewide_1_07aec7cc-3965-4fab-8685-9e5369c5a664.jpg?v=1769549049;7;;
mens-hyperport-h2-abbey-stone-golden-cypress;;;;;;;;;;;;;https://cdn.shopify.com/s/files/1/0607/3263/7348/files/HyperportH2A_PDPLifestyle_M_Image_02_16233d7e-ed9f-41ba-a0ea-09e72b47caa5.jpg?v=1769549049;8;;
mens-hyperport-h2-abbey-stone-golden-cypress;;;;;;;;;;;;;https://cdn.shopify.com/s/files/1/0607/3263/7348/files/KEEN_M_1028654_HyperportH2_PDP_Lifestyle_Single_Left_1_bd47e3b0-12ca-4bd4-9796-9f1fe7b66566.jpg?v=1769549049;9;;
mens-hyperport-h2-alloy-naval-academy;KEEN Hyperport H2 Alloy/Naval Academy (Men's);Hybrid versatility meets hyper comfort – thanks to maximal cushioning from the high-rebound insole and extra thick midsole.;KEEN;Apparel & Accessories > Shoes;Footwear;HYPERPORT_H2;;;;;;;;;;
mens-hyperport-h2-alloy-naval-academy;;;;;;;;;;;;;https://cdn.shopify.com/s/files/1/0607/3263/7348/files/1bcd9e7b5c8e37764a8414c672b7935ee5a66385.jpg?v=1764803199;2;;
mens-hyperport-h2-alloy-naval-academy;;;;;;;;;;;;;https://cdn.shopify.com/s/files/1/0607/3263/7348/files/857ecb747559bb9a867afae38f8faf274a4d22db.jpg?v=1764803199;3;;
mens-hyperport-h2-alloy-naval-academy;;;;;;;;;;;;;https://cdn.shopify.com/s/files/1/0607/3263/7348/files/925a610f46051335257af0062894729fb1b5ca4c.jpg?v=1764803199;4;;
mens-hyperport-h2-alloy-naval-academy;;;;;;;;;;;;;https://cdn.shopify.com/s/files/1/0607/3263/7348/files/fc1a92f0d7fd8bbb1c5e5f8aefe93ef3f6acdf6a.jpg?v=1764803199;5;;
mens-hyperport-h2-alloy-naval-academy;;;;;;;;;;;;;https://cdn.shopify.com/s/files/1/0607/3263/7348/files/90c35dcb9c5f0c9a0d7a7c5cc94555c5cbda809c.jpg?v=1764803199;6;;
mens-hyperport-h2-alloy-naval-academy;;;;;;;;;;;;;https://cdn.shopify.com/s/files/1/0607/3263/7348/files/KEEN_M_1028654_HyperportH2_PDP_Lifestyle_Doublewide_1_0a4437d5-34a6-425b-bae8-72c42b9afe2d.jpg?v=1764803199;7;;
mens-hyperport-h2-alloy-naval-academy;;;;;;;;;;;;;https://cdn.shopify.com/s/files/1/0607/3263/7348/files/KEEN_M_1028654_HyperportH2_PDP_Lifestyle_Single_Left_1_f079c3b3-9d60-40ff-8b3a-8bee46c367c1.jpg?v=1764803199;8;;
mens-hyperport-h2-alloy-naval-academy;;;;;;;;;;;;;https://cdn.shopify.com/s/files/1/0607/3263/7348/files/HyperportH2A_PDPLifestyle_M_Image_02_48661ba8-53b5-45a1-80c8-0a7d96735677.jpg?v=1764803199;9;;
mens-hyperport-h2-black-steel-grey;KEEN Hyperport H2 Black/Steel Grey (Men's);Hybrid versatility meets hyper comfort – thanks to maximal cushioning from the high-rebound insole and extra thick midsole.;KEEN;Apparel & Accessories > Shoes;Footwear;HYPERPORT_H2;;;;;;;;;;
mens-hyperport-h2-black-steel-grey;;;;;;;;;;;;;https://cdn.shopify.com/s/files/1/0607/3263/7348/files/7084be122766f29657559ca45b2d2a9d7887e119.jpg?v=1764803252;2;;
mens-hyperport-h2-black-steel-grey;;;;;;;;;;;;;https://cdn.shopify.com/s/files/1/0607/3263/7348/files/a375e8385eed6f0e89bf098917dfd990b51ade72.jpg?v=1764803252;3;;
mens-hyperport-h2-black-steel-grey;;;;;;;;;;;;;https://cdn.shopify.com/s/files/1/0607/3263/7348/files/24d722668f786ee1cf0e92f6414698294f5f89a1.jpg?v=1764803252;4;;
mens-hyperport-h2-black-steel-grey;;;;;;;;;;;;;https://cdn.shopify.com/s/files/1/0607/3263/7348/files/87578bb10269a91589e1577f107f302eec0d2c47.jpg?v=1764803252;5;;
mens-hyperport-h2-black-steel-grey;;;;;;;;;;;;;https://cdn.shopify.com/s/files/1/0607/3263/7348/files/bf9dac91908b9d5aa667cc5cc8aad44159cd1269.jpg?v=1764803252;6;;
mens-hyperport-h2-black-steel-grey;;;;;;;;;;;;;https://cdn.shopify.com/s/files/1/0607/3263/7348/files/KEEN_M_1028654_HyperportH2_PDP_Lifestyle_Doublewide_d9977681-1e16-4049-877f-51e0e3650261.jpg?v=1764803252;7;;
mens-hyperport-h2-black-steel-grey;;;;;;;;;;;;;https://cdn.shopify.com/s/files/1/0607/3263/7348/files/KEEN_M_1028654_HyperportH2_PDP_Lifestyle_Single_Left_e37c3079-fc97-4b93-9b5a-21b2af25df56.jpg?v=1764803252;8;;
mens-hyperport-h2-black-steel-grey;;;;;;;;;;;;;https://cdn.shopify.com/s/files/1/0607/3263/7348/files/HyperportH2A_PDPLifestyle_M_Image_02_17a52468-f785-40da-81c8-679899dff244.jpg?v=1764803252;9;;
mens-hyperport-h2-brindle-black;KEEN Hyperport H2 Brindle/Black (Men's);Hybrid versatility meets hyper comfort – thanks to maximal cushioning from the high-rebound insole and extra thick midsole.;KEEN;Apparel & Accessories > Shoes;Footwear;HYPERPORT_H2;;;;;;;;;;
mens-hyperport-h2-brindle-black;;;;;;;;;;;;;https://cdn.shopify.com/s/files/1/0607/3263/7348/files/c3a52102c7444bff1eeadc115b78c9da18870367.jpg?v=1764803285;2;;
mens-hyperport-h2-brindle-black;;;;;;;;;;;;;https://cdn.shopify.com/s/files/1/0607/3263/7348/files/2271537ab5b431da2789b25874ae6bdb0bf8a0fb.jpg?v=1764803285;3;;
mens-hyperport-h2-brindle-black;;;;;;;;;;;;;https://cdn.shopify.com/s/files/1/0607/3263/7348/files/725daac6b011ee4d909a2d076099cb1c821388fb.jpg?v=1764803285;4;;
mens-hyperport-h2-brindle-black;;;;;;;;;;;;;https://cdn.shopify.com/s/files/1/0607/3263/7348/files/da833f95ea898cf28ee44d48e911f3145bea12de.jpg?v=1764803285;5;;
mens-hyperport-h2-brindle-black;;;;;;;;;;;;;https://cdn.shopify.com/s/files/1/0607/3263/7348/files/ef8959663067031167424eeb588bf754d8b87091.jpg?v=1764803285;6;;
mens-hyperport-h2-brindle-black;;;;;;;;;;;;;https://cdn.shopify.com/s/files/1/0607/3263/7348/files/KEEN_M_1028654_HyperportH2_PDP_Lifestyle_Doublewide_6a67cac9-3038-4e79-a711-e97838e80a52_1.jpg?v=1764803285;7;;
mens-hyperport-h2-brindle-black;;;;;;;;;;;;;https://cdn.shopify.com/s/files/1/0607/3263/7348/files/KEEN_M_1028654_HyperportH2_PDP_Lifestyle_Single_Left_4f608f65-f176-49b3-a34c-dcbe903e2ad7_1.jpg?v=1764803285;8;;
mens-hyperport-h2-brindle-black;;;;;;;;;;;;;https://cdn.shopify.com/s/files/1/0607/3263/7348/files/HyperportH2A_PDPLifestyle_M_Image_03_brindle_black.jpg?v=1764803285;9;;
mens-hyperport-h2-brindle-vapor;KEEN Hyperport H2 Brindle/Vapor (Men's);Hybrid versatility meets hyper comfort – thanks to maximal cushioning from the high-rebound insole and extra thick midsole.;KEEN;Apparel & Accessories > Shoes;Footwear;HYPERPORT_H2;;;;;;;;;;
mens-hyperport-h2-brindle-vapor;;;;;;;;;;;;;https://cdn.shopify.com/s/files/1/0607/3263/7348/files/bf4a862c4197c57b0ee8502290c0a9e7914ef76e.jpg?v=1769548990;2;;
mens-hyperport-h2-brindle-vapor;;;;;;;;;;;;;https://cdn.shopify.com/s/files/1/0607/3263/7348/files/42ae14d68e30c55ac2559de89a96fd08bd4ca890.jpg?v=1769548990;3;;
mens-hyperport-h2-brindle-vapor;;;;;;;;;;;;;https://cdn.shopify.com/s/files/1/0607/3263/7348/files/e3312f99a9b8b89f8255e8b1d141b8ca30f80787.jpg?v=1769548990;4;;
mens-hyperport-h2-brindle-vapor;;;;;;;;;;;;;https://cdn.shopify.com/s/files/1/0607/3263/7348/files/5fbe56e36484f63b6dc68b21ad54dd041541b1b2.jpg?v=1769548990;5;;
mens-hyperport-h2-brindle-vapor;;;;;;;;;;;;;https://cdn.shopify.com/s/files/1/0607/3263/7348/files/cec5130d6c0929e6b6e851c75a2ca0e29c795aa3.jpg?v=1769548990;6;;
mens-hyperport-h2-brindle-vapor;;;;;;;;;;;;;https://cdn.shopify.com/s/files/1/0607/3263/7348/files/KEEN_M_1028654_HyperportH2_PDP_Lifestyle_Doublewide_1_4ff66fcc-216e-4e25-a709-a2c5f78e4aa8.jpg?v=1769548990;7;;
mens-hyperport-h2-brindle-vapor;;;;;;;;;;;;;https://cdn.shopify.com/s/files/1/0607/3263/7348/files/HyperportH2A_PDPLifestyle_M_Image_02_8fe88fc3-2ed3-4a8f-80cc-f85aca88b79c.jpg?v=1769548990;8;;
mens-hyperport-h2-brindle-vapor;;;;;;;;;;;;;https://cdn.shopify.com/s/files/1/0607/3263/7348/files/KEEN_M_1028654_HyperportH2_PDP_Lifestyle_Single_Left_1_93fff337-7f96-498a-afab-8ff7d622ec9c.jpg?v=1769548990;9;;
mens-hyperport-h2-martini-olive-plaza-taupe;KEEN Hyperport H2 Martini Olive/Plaza Taupe (Men's);Hybrid versatility meets hyper comfort – thanks to maximal cushioning from the high-rebound insole and extra thick midsole.;KEEN;Apparel & Accessories > Shoes;Footwear;HYPERPORT_H2;;;;;;;;;;
mens-hyperport-h2-martini-olive-plaza-taupe;;;;;;;;;;;;;https://cdn.shopify.com/s/files/1/0607/3263/7348/files/cbb5e9601c3f0df2b3ba38d18739a350dbd4cbb8.jpg?v=1739293473;2;;
mens-hyperport-h2-martini-olive-plaza-taupe;;;;;;;;;;;;;https://cdn.shopify.com/s/files/1/0607/3263/7348/files/b7b1cc9bf91ab68b17ca5bce773251018bb23cd4.jpg?v=1739293473;3;;
mens-hyperport-h2-martini-olive-plaza-taupe;;;;;;;;;;;;;https://cdn.shopify.com/s/files/1/0607/3263/7348/files/b9b79e476b70b3cd759bda33d9bdc0c4ae6a1084.jpg?v=1739293473;4;;
mens-hyperport-h2-martini-olive-plaza-taupe;;;;;;;;;;;;;https://cdn.shopify.com/s/files/1/0607/3263/7348/files/d0051104159ef379bee6f0c6f2bab632eb7c07e0.jpg?v=1764803339;5;;
mens-hyperport-h2-martini-olive-plaza-taupe;;;;;;;;;;;;;https://cdn.shopify.com/s/files/1/0607/3263/7348/files/3882c7960a56cbac8c29c2c6618293ac4dae2f85.jpg?v=1764803339;6;;
mens-hyperport-h2-martini-olive-plaza-taupe;;;;;;;;;;;;;https://cdn.shopify.com/s/files/1/0607/3263/7348/files/KEEN_M_1028654_HyperportH2_PDP_Lifestyle_Doublewide_6a67cac9-3038-4e79-a711-e97838e80a52.jpg?v=1739293473;7;;
mens-hyperport-h2-martini-olive-plaza-taupe;;;;;;;;;;;;;https://cdn.shopify.com/s/files/1/0607/3263/7348/files/KEEN_M_1028654_HyperportH2_PDP_Lifestyle_Single_Left_4f608f65-f176-49b3-a34c-dcbe903e2ad7.jpg?v=1739293473;8;;
mens-hyperport-h2-martini-olive-plaza-taupe;;;;;;;;;;;;;https://cdn.shopify.com/s/files/1/0607/3263/7348/files/HyperportH2A_PDPLifestyle_M_Image_02_b2d49115-2497-482a-ae78-d7dc44c62ee0.jpg?v=1739293473;9;;
womens-hyperport-h2-alloy-skyway;KEEN Hyperport H2 Alloy/Skyway (Women's);Hybrid versatility meets hyper comfort – thanks to maximal cushioning from the high-rebound insole and extra thick midsole.;KEEN;Apparel & Accessories > Shoes;Footwear;HYPERPORT_H2;;;;;;;;;;
womens-hyperport-h2-alloy-skyway;;;;;;;;;;;;;https://cdn.shopify.com/s/files/1/0607/3263/7348/files/250fadca47d2338285b0ff696d450cd93bf7d264.jpg?v=1764803366;2;;
womens-hyperport-h2-alloy-skyway;;;;;;;;;;;;;https://cdn.shopify.com/s/files/1/0607/3263/7348/files/96247a123664f36875d8da8a7bda03fa1ac585e9.jpg?v=1764803366;3;;
womens-hyperport-h2-alloy-skyway;;;;;;;;;;;;;https://cdn.shopify.com/s/files/1/0607/3263/7348/files/8d8389c48e1f517e2103c70d0a7369ebf0220c85.jpg?v=1764803366;4;;
womens-hyperport-h2-alloy-skyway;;;;;;;;;;;;;https://cdn.shopify.com/s/files/1/0607/3263/7348/files/54a18c65c9d1f5135342c74040caacf335d8bf48.jpg?v=1764803366;5;;
womens-hyperport-h2-alloy-skyway;;;;;;;;;;;;;https://cdn.shopify.com/s/files/1/0607/3263/7348/files/94c79d920f76845bbd4ed0224b7c9b3c0448581f.jpg?v=1764803366;6;;
womens-hyperport-h2-alloy-skyway;;;;;;;;;;;;;https://cdn.shopify.com/s/files/1/0607/3263/7348/files/KEEN_W_1028659_HyperportH2_PDP_Lifestyle_Doublewide_2.jpg?v=1764803366;7;;
womens-hyperport-h2-alloy-skyway;;;;;;;;;;;;;https://cdn.shopify.com/s/files/1/0607/3263/7348/files/HyperportH2A_PDPLifestyleImage_W_03.jpg?v=1764803366;8;;
womens-hyperport-h2-alloy-skyway;;;;;;;;;;;;;https://cdn.shopify.com/s/files/1/0607/3263/7348/files/HyperportH2A_PDPLifestyleImage_W_03_birch.jpg?v=1764803366;9;;
womens-hyperport-h2-birch-plaza-taupe;KEEN Hyperport H2 Birch/Plaza Taupe (Women's);Hybrid versatility meets hyper comfort – thanks to maximal cushioning from the high-rebound insole and extra thick midsole.;KEEN;Apparel & Accessories > Shoes;Footwear;HYPERPORT_H2;;;;;;;;;;
womens-hyperport-h2-birch-plaza-taupe;;;;;;;;;;;;;https://cdn.shopify.com/s/files/1/0607/3263/7348/files/437709f6525a78f187de281db850b8074073c418.jpg?v=1752522951;2;;
womens-hyperport-h2-birch-plaza-taupe;;;;;;;;;;;;;https://cdn.shopify.com/s/files/1/0607/3263/7348/files/fd41d5e5002910cd98d3445e37408eb84101e6e0.jpg?v=1752522951;3;;
womens-hyperport-h2-birch-plaza-taupe;;;;;;;;;;;;;https://cdn.shopify.com/s/files/1/0607/3263/7348/files/4c2711902fe8c0ea21dc1d50e85f60dba0c0615c.jpg?v=1752522951;4;;
womens-hyperport-h2-birch-plaza-taupe;;;;;;;;;;;;;https://cdn.shopify.com/s/files/1/0607/3263/7348/files/1e801c741a8108efc40719962a50a7c2490d09ce.jpg?v=1752522951;5;;
womens-hyperport-h2-birch-plaza-taupe;;;;;;;;;;;;;https://cdn.shopify.com/s/files/1/0607/3263/7348/files/77116dea579c8edc21df1e692d1a03eac3a26fc8.jpg?v=1752524850;6;;
womens-hyperport-h2-birch-plaza-taupe;;;;;;;;;;;;;https://cdn.shopify.com/s/files/1/0607/3263/7348/files/KEEN_W_1028659_HyperportH2_PDP_Lifestyle_Doublewide.jpg?v=1752524850;7;;
womens-hyperport-h2-birch-plaza-taupe;;;;;;;;;;;;;https://cdn.shopify.com/s/files/1/0607/3263/7348/files/HyperportH2A_PDPLifestyleImage_W_03_ec261c97-a387-442d-8a2c-125dbb312e28.jpg?v=1752524850;8;;
womens-hyperport-h2-birch-plaza-taupe;;;;;;;;;;;;;https://cdn.shopify.com/s/files/1/0607/3263/7348/files/HyperportH2A_PDPLifestyleImage_W_03_birch_ca330cd6-c0d0-44ce-a92f-329a97747138.jpg?v=1752524850;9;;
womens-hyperport-h2-black-steel-grey;KEEN Hyperport H2 Black/Steel Grey (Women's);Hybrid versatility meets hyper comfort – thanks to maximal cushioning from the high-rebound insole and extra thick midsole.;KEEN;Apparel & Accessories > Shoes;Footwear;HYPERPORT_H2;;;;;;;;;;
womens-hyperport-h2-black-steel-grey;;;;;;;;;;;;;https://cdn.shopify.com/s/files/1/0607/3263/7348/files/0a20d89978849fcb99b36364a230ae2992a48534.jpg?v=1764803404;2;;
womens-hyperport-h2-black-steel-grey;;;;;;;;;;;;;https://cdn.shopify.com/s/files/1/0607/3263/7348/files/27ab6ebbc919a1c45f3530c832aa0277e2988c49.jpg?v=1764803404;3;;
womens-hyperport-h2-black-steel-grey;;;;;;;;;;;;;https://cdn.shopify.com/s/files/1/0607/3263/7348/files/641711457e04fa7f555b8af10d8e6d2f604678b0.jpg?v=1764803404;4;;
womens-hyperport-h2-black-steel-grey;;;;;;;;;;;;;https://cdn.shopify.com/s/files/1/0607/3263/7348/files/1922e02bebb01da57e6fc1cb1fe2c364c187ffb7.jpg?v=1764803404;5;;
womens-hyperport-h2-black-steel-grey;;;;;;;;;;;;;https://cdn.shopify.com/s/files/1/0607/3263/7348/files/1a2d1b684f8f089f071df8d257b29e1368a33628.jpg?v=1764803404;6;;
womens-hyperport-h2-black-steel-grey;;;;;;;;;;;;;https://cdn.shopify.com/s/files/1/0607/3263/7348/files/KEEN_W_1028659_HyperportH2_PDP_Lifestyle_Doublewide_1.jpg?v=1764803404;7;;
womens-hyperport-h2-black-steel-grey;;;;;;;;;;;;;https://cdn.shopify.com/s/files/1/0607/3263/7348/files/HyperportH2A_PDPLifestyleImage_W_03_908be96c-8b29-442a-9924-725a41e514da.jpg?v=1764803404;8;;
womens-hyperport-h2-black-steel-grey;;;;;;;;;;;;;https://cdn.shopify.com/s/files/1/0607/3263/7348/files/HyperportH2A_PDPLifestyleImage_W_03_birch_5fa570da-8729-4c43-990b-717ac66c7724.jpg?v=1764803404;9;;
womens-hyperport-h2-chipmunk-birch;KEEN Hyperport H2 Chipmunk/Birch (Women's);Hybrid versatility meets hyper comfort – thanks to maximal cushioning from the high-rebound insole and extra thick midsole.;KEEN;Apparel & Accessories > Shoes;Footwear;HYPERPORT_H2;;;;;;;;;;
womens-hyperport-h2-chipmunk-birch;;;;;;;;;;;;;https://cdn.shopify.com/s/files/1/0607/3263/7348/files/d9598ea84abca72df6b965cd7a618dc8226567c2.jpg?v=1764803435;2;;
womens-hyperport-h2-chipmunk-birch;;;;;;;;;;;;;https://cdn.shopify.com/s/files/1/0607/3263/7348/files/b6f850fe1ead482513db13fc0876dfe6cb5e2fd7.jpg?v=1764803435;3;;
womens-hyperport-h2-chipmunk-birch;;;;;;;;;;;;;https://cdn.shopify.com/s/files/1/0607/3263/7348/files/899a2b199ef9652b48b9d236a38adcbb6fcc59b5.jpg?v=1764803435;4;;
womens-hyperport-h2-chipmunk-birch;;;;;;;;;;;;;https://cdn.shopify.com/s/files/1/0607/3263/7348/files/e0263cf5ca558664574a117f84e0753486122386.jpg?v=1764803435;5;;
womens-hyperport-h2-chipmunk-birch;;;;;;;;;;;;;https://cdn.shopify.com/s/files/1/0607/3263/7348/files/ad6cf19657e6bd34d6a73af52e660eedfdef1680.jpg?v=1764803435;6;;
womens-hyperport-h2-chipmunk-birch;;;;;;;;;;;;;https://cdn.shopify.com/s/files/1/0607/3263/7348/files/KEEN_W_1028659_HyperportH2_PDP_Lifestyle_Doublewide_3_6c5f35f7-085d-4822-a184-757672922727.jpg?v=1764803435;7;;
womens-hyperport-h2-chipmunk-birch;;;;;;;;;;;;;https://cdn.shopify.com/s/files/1/0607/3263/7348/files/HyperportH2A_PDPLifestyleImage_W_03_7a7882a4-5b4a-4419-96f6-bbfc0df18489.jpg?v=1764803435;8;;
womens-hyperport-h2-chipmunk-birch;;;;;;;;;;;;;https://cdn.shopify.com/s/files/1/0607/3263/7348/files/HyperportH2A_PDPLifestyleImage_W_03_birch_62e2f4e2-fac0-4bb8-bcb0-14d679ed686e.jpg?v=1764803435;9;;
womens-hyperport-h2-iceberg-green-abbey-stone;KEEN Hyperport H2 Iceberg Green/Abbey Stone (Women's);Hybrid versatility meets hyper comfort – thanks to maximal cushioning from the high-rebound insole and extra thick midsole.;KEEN;Apparel & Accessories > Shoes;Footwear;HYPERPORT_H2;;;;;;;;;;
womens-hyperport-h2-iceberg-green-abbey-stone;;;;;;;;;;;;;https://cdn.shopify.com/s/files/1/0607/3263/7348/files/74f57608bab1ba76ff7a1efc0727a6525b976244.jpg?v=1764803477;2;;
womens-hyperport-h2-iceberg-green-abbey-stone;;;;;;;;;;;;;https://cdn.shopify.com/s/files/1/0607/3263/7348/files/84b254584b8c09bf745ca236341faed062683fb8.jpg?v=1764803477;3;;
womens-hyperport-h2-iceberg-green-abbey-stone;;;;;;;;;;;;;https://cdn.shopify.com/s/files/1/0607/3263/7348/files/00106ec63e5134ce9a81385563aa9776b71c4fdb.jpg?v=1764803477;4;;
womens-hyperport-h2-iceberg-green-abbey-stone;;;;;;;;;;;;;https://cdn.shopify.com/s/files/1/0607/3263/7348/files/571b69e3c8466ca38e475de1b9ee5c0304409464.jpg?v=1764803477;5;;
womens-hyperport-h2-iceberg-green-abbey-stone;;;;;;;;;;;;;https://cdn.shopify.com/s/files/1/0607/3263/7348/files/d27086cf7b1f70ea7ff9c285b71247bb90f7fd61.jpg?v=1764803477;6;;
womens-hyperport-h2-iceberg-green-abbey-stone;;;;;;;;;;;;;https://cdn.shopify.com/s/files/1/0607/3263/7348/files/KEEN_W_1028659_HyperportH2_PDP_Lifestyle_Doublewide_3_1ec393fc-8746-4db8-b0c2-f8dd9f9f19cb.jpg?v=1764803477;7;;
womens-hyperport-h2-iceberg-green-abbey-stone;;;;;;;;;;;;;https://cdn.shopify.com/s/files/1/0607/3263/7348/files/HyperportH2A_PDPLifestyleImage_W_03_3dccb9f2-18d1-4813-ae26-6ae4d4383487.jpg?v=1764803477;8;;
womens-hyperport-h2-iceberg-green-abbey-stone;;;;;;;;;;;;;https://cdn.shopify.com/s/files/1/0607/3263/7348/files/HyperportH2A_PDPLifestyleImage_W_03_birch_0761bb0b-21e2-4da5-866e-f3d333a5684e.jpg?v=1764803477;9;;
womens-hyperport-h2-lily-pad-orchid-bloom;KEEN Hyperport H2 Lily Pad/Orchid Bloom (Women's);Hybrid versatility meets hyper comfort – thanks to maximal cushioning from the high-rebound insole and extra thick midsole.;KEEN;Apparel & Accessories > Shoes;Footwear;HYPERPORT_H2;;;;;;;;;;
womens-hyperport-h2-lily-pad-orchid-bloom;;;;;;;;;;;;;https://cdn.shopify.com/s/files/1/0607/3263/7348/files/2c051ed0e1a14929c419079aedaecebae8134fc5.jpg?v=1769549245;2;;
womens-hyperport-h2-lily-pad-orchid-bloom;;;;;;;;;;;;;https://cdn.shopify.com/s/files/1/0607/3263/7348/files/8a7b9c803fd406ae31dacd33c84a787a3bc0ef8e.jpg?v=1769549245;3;;
womens-hyperport-h2-lily-pad-orchid-bloom;;;;;;;;;;;;;https://cdn.shopify.com/s/files/1/0607/3263/7348/files/c82f87a434b2143847a09ac2533be46cd71df832.jpg?v=1769549245;4;;
womens-hyperport-h2-lily-pad-orchid-bloom;;;;;;;;;;;;;https://cdn.shopify.com/s/files/1/0607/3263/7348/files/cdbab7da6f91bdd97d282f2689b4754aacf6963f.jpg?v=1769549245;5;;
womens-hyperport-h2-lily-pad-orchid-bloom;;;;;;;;;;;;;https://cdn.shopify.com/s/files/1/0607/3263/7348/files/3a76272a5c3cd8a43c5a47dd39f25093665fd2b9.jpg?v=1769549245;6;;
womens-hyperport-h2-lily-pad-orchid-bloom;;;;;;;;;;;;;https://cdn.shopify.com/s/files/1/0607/3263/7348/files/KEEN_W_1028659_HyperportH2_PDP_Lifestyle_Doublewide_1_3a37c22f-333f-41f7-85bb-47c6cf523eaf.jpg?v=1769549245;7;;
womens-hyperport-h2-lily-pad-orchid-bloom;;;;;;;;;;;;;https://cdn.shopify.com/s/files/1/0607/3263/7348/files/HyperportH2A_PDPLifestyleImage_W_03_37c7178f-78d0-4620-9ac2-3dd7298f9e35.jpg?v=1769549245;8;;
womens-hyperport-h2-lily-pad-orchid-bloom;;;;;;;;;;;;;https://cdn.shopify.com/s/files/1/0607/3263/7348/files/HyperportH2A_PDPLifestyleImage_W_03_birch_31f07996-2ccb-41c9-9b66-806bea3ca1e2.jpg?v=1769549245;9;;
womens-hyperport-h2-monochrome-thistle;KEEN Hyperport H2 Monochrome/Thistle (Women's);Hybrid versatility meets hyper comfort – thanks to maximal cushioning from the high-rebound insole and extra thick midsole.;KEEN;Apparel & Accessories > Shoes;Footwear;HYPERPORT_H2;;;;;;;;;;
womens-hyperport-h2-monochrome-thistle;;;;;;;;;;;;;https://cdn.shopify.com/s/files/1/0607/3263/7348/files/f771ce78cfcea7d50e4d8db13f49cb8acbbd8329.jpg?v=1769549340;2;;
womens-hyperport-h2-monochrome-thistle;;;;;;;;;;;;;https://cdn.shopify.com/s/files/1/0607/3263/7348/files/a386595bbaddbdf8ef65af8a9ddab9864333ed89.jpg?v=1769549340;3;;
womens-hyperport-h2-monochrome-thistle;;;;;;;;;;;;;https://cdn.shopify.com/s/files/1/0607/3263/7348/files/2f5914b058fc4c2458cc18f10927cf201eee42ba.jpg?v=1769549340;4;;
womens-hyperport-h2-monochrome-thistle;;;;;;;;;;;;;https://cdn.shopify.com/s/files/1/0607/3263/7348/files/50aaf14008909a4c18b02ac2a314ae801f78d9b9.jpg?v=1769549340;5;;
womens-hyperport-h2-monochrome-thistle;;;;;;;;;;;;;https://cdn.shopify.com/s/files/1/0607/3263/7348/files/002651a72dbbac634c013933a393f210657c232c.jpg?v=1769549340;6;;
womens-hyperport-h2-monochrome-thistle;;;;;;;;;;;;;https://cdn.shopify.com/s/files/1/0607/3263/7348/files/KEEN_W_1028659_HyperportH2_PDP_Lifestyle_Doublewide_1_07c73380-8235-4ad5-ac8a-cfbd86da98cf.jpg?v=1769549340;7;;
womens-hyperport-h2-monochrome-thistle;;;;;;;;;;;;;https://cdn.shopify.com/s/files/1/0607/3263/7348/files/HyperportH2A_PDPLifestyleImage_W_03_46008b7c-2031-468f-9088-801bd1895246.jpg?v=1769549340;8;;
womens-hyperport-h2-monochrome-thistle;;;;;;;;;;;;;https://cdn.shopify.com/s/files/1/0607/3263/7348/files/HyperportH2A_PDPLifestyleImage_W_03_birch_e9219154-b792-4941-adc8-4bc4d78d780e.jpg?v=1769549340;9;;
mens-jasper-java-black;KEEN Jasper Java/Black (Men's);Our original climbing-inspired outside sneaker. As comfortable heading to the crag as it is cruising around town. With two sets of laces to switch up the look.;KEEN;Apparel & Accessories > Shoes;Footwear;JASPER;;;;;;;;;;
mens-jasper-java-black;;;;;;;;;;;;;https://cdn.shopify.com/s/files/1/0607/3263/7348/files/472110471d14330f3a73f5e971883477d464bc8f.jpg?v=1769544403;2;;
mens-jasper-java-black;;;;;;;;;;;;;https://cdn.shopify.com/s/files/1/0607/3263/7348/files/a6706fc216714ac988804350769b7745ab71e644.jpg?v=1769544403;3;;
mens-jasper-java-black;;;;;;;;;;;;;https://cdn.shopify.com/s/files/1/0607/3263/7348/files/b06ca6a66f866900c5ba2970120e673cf892805d.jpg?v=1769544403;4;;
mens-jasper-java-black;;;;;;;;;;;;;https://cdn.shopify.com/s/files/1/0607/3263/7348/files/8e1a54e13737da8d807f46ca19d1b2e5104d4fa3.jpg?v=1769544403;5;;
mens-jasper-java-black;;;;;;;;;;;;;https://cdn.shopify.com/s/files/1/0607/3263/7348/files/842010e4cf1da8d7549352e140e4d7f1d56f76f3.jpg?v=1769544403;6;;
mens-jasper-java-black;;;;;;;;;;;;;https://cdn.shopify.com/s/files/1/0607/3263/7348/files/3a85f2bdfbe3c225a105fb7d695086f1cbef010d.jpg?v=1769544403;7;;
mens-jasper-java-black;;;;;;;;;;;;;https://cdn.shopify.com/s/files/1/0607/3263/7348/files/S25_KEEN_Japser_M_1002661_Spice-Blue_PDP_Lifestyle_Doublewide_5e80dc7e-3904-4711-9e31-66c80a080986.jpg?v=1769544403;8;;
mens-jasper-java-black;;;;;;;;;;;;;https://cdn.shopify.com/s/files/1/0607/3263/7348/files/S25_KEEN_Japser_M_1002661_Spice-Blue_PDP_Lifestyle_Single_Left_004542d5-f939-4308-9ccb-493b6c13f691.jpg?v=1769544403;9;;
mens-jasper-java-black;;;;;;;;;;;;;https://cdn.shopify.com/s/files/1/0607/3263/7348/files/S25_KEEN_Japser_M_1002661_Spice-Blue_PDP_Lifestyle_Single_Right_a5b22320-c3f1-41a1-a768-68c344f10d00.jpg?v=1769544403;10;;
womens-jasper-birch-black;KEEN Jasper Birch/Black (Women's);Our original climbing-inspired outside sneaker. As comfortable heading to the crag as it is cruising around town. With two sets of laces to switch up the look.;KEEN;Apparel & Accessories > Shoes;Footwear;JASPER;;;;;;;;;;
womens-jasper-birch-black;;;;;;;;;;;;;https://cdn.shopify.com/s/files/1/0607/3263/7348/files/e38228aecb400538a077a3b56b65c330fbc0b5ed.jpg?v=1740168108;2;;
womens-jasper-birch-black;;;;;;;;;;;;;https://cdn.shopify.com/s/files/1/0607/3263/7348/files/52fa87f02c3605e0c679381488587692af317fa0.jpg?v=1740168108;3;;
womens-jasper-birch-black;;;;;;;;;;;;;https://cdn.shopify.com/s/files/1/0607/3263/7348/files/12dadd7b3d9df05f00b3033bfed3118409c2024f.jpg?v=1740168108;4;;
womens-jasper-birch-black;;;;;;;;;;;;;https://cdn.shopify.com/s/files/1/0607/3263/7348/files/efaf22455a1cc2776c8a7578385c90344189c533.jpg?v=1740168108;5;;
womens-jasper-birch-black;;;;;;;;;;;;;https://cdn.shopify.com/s/files/1/0607/3263/7348/files/67bb47398d8a253ae0797ba63164ec1e41737524.jpg?v=1740168108;6;;
womens-jasper-birch-black;;;;;;;;;;;;;https://cdn.shopify.com/s/files/1/0607/3263/7348/files/df401abfa2a4b2c922c9c0d96332a9d558e8a64d.jpg?v=1740168108;7;;
womens-jasper-birch-black;;;;;;;;;;;;;https://cdn.shopify.com/s/files/1/0607/3263/7348/files/S25_KEEN_Japser_W_1002672_Silver-Mink_PDP_Lifestyle_Doublewide_ab171551-2e8c-4701-8175-4585fa00608f.jpg?v=1767732673;8;;
womens-jasper-birch-black;;;;;;;;;;;;;https://cdn.shopify.com/s/files/1/0607/3263/7348/files/S25_KEEN_Japser_W_1002672_Silver-Mink_PDP_Lifestyle_Single_Left_13fc52e0-8888-4017-943c-04bf8ac1b6ed.jpg?v=1767732673;9;;
womens-jasper-birch-black;;;;;;;;;;;;;https://cdn.shopify.com/s/files/1/0607/3263/7348/files/S25_KEEN_Japser_W_1002672_Silver-Mink_PDP_Lifestyle_Single_Right_884a19cd-584d-405a-b3a8-dae2ba5b9352.jpg?v=1767732673;10;;
mens-jasper-zionic-black-alloy;KEEN Jasper Zionic Black/Alloy (Men's);The performance of a fast & light hiker with the clean, tailored look of brushed suede. Crag heritage reborn for the agile agendas of the day.;KEEN;Apparel & Accessories > Shoes;Footwear;JASPER_ZIONIC;;;;;;;;;;
mens-jasper-zionic-black-alloy;;;;;;;;;;;;;https://cdn.shopify.com/s/files/1/0607/3263/7348/files/1719edbd1a30f85f0262b05863f1700484cab49f.jpg?v=1772573077;2;;
mens-jasper-zionic-black-alloy;;;;;;;;;;;;;https://cdn.shopify.com/s/files/1/0607/3263/7348/files/f8787915e0a428d21208c0c47956ee4296940df7.jpg?v=1772573077;3;;
mens-jasper-zionic-black-alloy;;;;;;;;;;;;;https://cdn.shopify.com/s/files/1/0607/3263/7348/files/d05a2bf7982237c5bde1f5d730cc6f3c1a7f46bd.jpg?v=1772573077;4;;
mens-jasper-zionic-black-alloy;;;;;;;;;;;;;https://cdn.shopify.com/s/files/1/0607/3263/7348/files/f643877c1ae325edf77e0e02e11f9add8f961a04.jpg?v=1772573077;5;;
mens-jasper-zionic-black-alloy;;;;;;;;;;;;;https://cdn.shopify.com/s/files/1/0607/3263/7348/files/6f1ef47d76c09d08c67372bf575f9c650b87587f.jpg?v=1772573077;6;;
mens-jasper-zionic-black-alloy;;;;;;;;;;;;;https://cdn.shopify.com/s/files/1/0607/3263/7348/files/52dc4d7c5ab8e6a3e4a85cc152dd825508d06f2b.jpg?v=1772573077;7;;
mens-jasper-zionic-black-alloy;;;;;;;;;;;;;https://cdn.shopify.com/s/files/1/0607/3263/7348/files/e591553e7683868c7537d093935008631bf6ea65.jpg?v=1772573077;8;;
mens-jasper-zionic-black-alloy;;;;;;;;;;;;;https://cdn.shopify.com/s/files/1/0607/3263/7348/files/KPD-7360_SS26_M-JASPER-ZIONIC_PDP_Lifestyle1_Top_8969c80e-3267-4bbc-8821-ed2c3c4e4da0.jpg?v=1772573077;9;;
mens-jasper-zionic-black-alloy;;;;;;;;;;;;;https://cdn.shopify.com/s/files/1/0607/3263/7348/files/KPD-7360_SS26_M-JASPER-ZIONIC_PDP_Lifestyle2_Left_8331e692-43e5-4583-a167-22693e35d890.jpg?v=1772573077;10;;
mens-jasper-zionic-black-alloy;;;;;;;;;;;;;https://cdn.shopify.com/s/files/1/0607/3263/7348/files/KPD-7360_SS26_M-JASPER-ZIONIC_PDP_Lifestyle3_Right_c7969fc1-cc06-4b73-9df2-26e91786382c.jpg?v=1772573077;11;;
mens-jasper-zionic-dark-olive-khaki;KEEN Jasper Zionic Dark Olive/Khaki (Men's);The performance of a fast & light hiker with the clean, tailored look of brushed suede. Crag heritage reborn for the agile agendas of the day.;KEEN;Apparel & Accessories > Shoes;Footwear;JASPER_ZIONIC;;;;;;;;;;
mens-jasper-zionic-dark-olive-khaki;;;;;;;;;;;;;https://cdn.shopify.com/s/files/1/0607/3263/7348/files/b72c3c0e97a9fc4264be045f13117801663d3841.jpg?v=1759252760;2;;
mens-jasper-zionic-dark-olive-khaki;;;;;;;;;;;;;https://cdn.shopify.com/s/files/1/0607/3263/7348/files/813a455cf258393c8a9445dc68924a8b7e732341.jpg?v=1759252760;3;;
mens-jasper-zionic-dark-olive-khaki;;;;;;;;;;;;;https://cdn.shopify.com/s/files/1/0607/3263/7348/files/54e2026be133378d6fb91d3956a524e0aed2dd95.jpg?v=1759252760;4;;
mens-jasper-zionic-dark-olive-khaki;;;;;;;;;;;;;https://cdn.shopify.com/s/files/1/0607/3263/7348/files/1d84c4b358099df0fdd594b10ed98307c8cacaeb.jpg?v=1759252760;5;;
mens-jasper-zionic-dark-olive-khaki;;;;;;;;;;;;;https://cdn.shopify.com/s/files/1/0607/3263/7348/files/0185bc4d32ab0583aa7f218fedfee322ac30ab93.jpg?v=1759252760;6;;
mens-jasper-zionic-dark-olive-khaki;;;;;;;;;;;;;https://cdn.shopify.com/s/files/1/0607/3263/7348/files/55fa6f83f2f857b57197328c228efecb61d63d80.jpg?v=1759252760;7;;
mens-jasper-zionic-dark-olive-khaki;;;;;;;;;;;;;https://cdn.shopify.com/s/files/1/0607/3263/7348/files/KPD-7360_SS26_M-JASPER-ZIONIC_PDP_Lifestyle1_Top_23939842-79cf-453a-9aac-55ad706e5b87.jpg?v=1769536416;8;;
mens-jasper-zionic-dark-olive-khaki;;;;;;;;;;;;;https://cdn.shopify.com/s/files/1/0607/3263/7348/files/KPD-7360_SS26_M-JASPER-ZIONIC_PDP_Lifestyle2_Left_2cae3794-3536-442f-91af-f612fe70857d.jpg?v=1769536416;9;;
mens-jasper-zionic-dark-olive-khaki;;;;;;;;;;;;;https://cdn.shopify.com/s/files/1/0607/3263/7348/files/KPD-7360_SS26_M-JASPER-ZIONIC_PDP_Lifestyle3_Right_6664b15b-39ec-48c2-9f77-238e43841548.jpg?v=1769536417;10;;
mens-jasper-zionic-safari-sky-captain;KEEN Jasper Zionic Safari/Sky Captain (Men's);The performance of a fast & light hiker with the clean, tailored look of brushed suede. Crag heritage reborn for the agile agendas of the day.;KEEN;Apparel & Accessories > Shoes;Footwear;JASPER_ZIONIC;;;;;;;;;;
mens-jasper-zionic-safari-sky-captain;;;;;;;;;;;;;https://cdn.shopify.com/s/files/1/0607/3263/7348/files/fff7696006c21b2c008d543b90c60f387af3ede6.jpg?v=1758215751;2;;
mens-jasper-zionic-safari-sky-captain;;;;;;;;;;;;;https://cdn.shopify.com/s/files/1/0607/3263/7348/files/d702efd41ff129e2a20d63362fc98f3c995f3e90.jpg?v=1758215751;3;;
mens-jasper-zionic-safari-sky-captain;;;;;;;;;;;;;https://cdn.shopify.com/s/files/1/0607/3263/7348/files/3e675808cd82d4db29a5ccb92dcca613f70d4e93.jpg?v=1758215751;4;;
mens-jasper-zionic-safari-sky-captain;;;;;;;;;;;;;https://cdn.shopify.com/s/files/1/0607/3263/7348/files/f8229b08749ddda4fcb5efe72d14e35a5d256508.jpg?v=1772573099;5;;
mens-jasper-zionic-safari-sky-captain;;;;;;;;;;;;;https://cdn.shopify.com/s/files/1/0607/3263/7348/files/549407e537c409701f48d649e2f33ed724a1e5b3.jpg?v=1772573099;6;;
mens-jasper-zionic-safari-sky-captain;;;;;;;;;;;;;https://cdn.shopify.com/s/files/1/0607/3263/7348/files/f17a2ed0f719cf697b7140eb2096efcf108f7890.jpg?v=1772573099;7;;
mens-jasper-zionic-safari-sky-captain;;;;;;;;;;;;;https://cdn.shopify.com/s/files/1/0607/3263/7348/files/a2a362d9f4e648e68db2f3b19a73dba1357ffac2.jpg?v=1772573099;8;;
mens-jasper-zionic-safari-sky-captain;;;;;;;;;;;;;https://cdn.shopify.com/s/files/1/0607/3263/7348/files/KPD-7360_SS26_M-JASPER-ZIONIC_PDP_Lifestyle1_Top_068dc7f3-ec99-48df-86e1-78948a620d39.jpg?v=1772573099;9;;
mens-jasper-zionic-safari-sky-captain;;;;;;;;;;;;;https://cdn.shopify.com/s/files/1/0607/3263/7348/files/KPD-7360_SS26_M-JASPER-ZIONIC_PDP_Lifestyle2_Left_764c0ba1-1aff-4985-9c1a-5fcdb3cd03ed.jpg?v=1772573099;10;;
mens-jasper-zionic-safari-sky-captain;;;;;;;;;;;;;https://cdn.shopify.com/s/files/1/0607/3263/7348/files/KPD-7360_SS26_M-JASPER-ZIONIC_PDP_Lifestyle3_Right_9519fc5f-b7b5-42cc-81ff-bcdc84b84a60.jpg?v=1772573099;11;;
womens-jasper-zionic-black-black;KEEN Jasper Zionic Black/Black (Women's);The performance of a fast & light hiker with the clean, tailored look of brushed suede. Crag heritage reborn for the agile agendas of the day.;KEEN;Apparel & Accessories > Shoes;Footwear;JASPER_ZIONIC;;;;;;;;;;
womens-jasper-zionic-black-black;;;;;;;;;;;;;https://cdn.shopify.com/s/files/1/0607/3263/7348/files/bdd270a053579a6ec9c27ca66d0943731adeae84.jpg?v=1757628521;2;;
womens-jasper-zionic-black-black;;;;;;;;;;;;;https://cdn.shopify.com/s/files/1/0607/3263/7348/files/5287fa1252ad62cd59edabfc4fcf4d14f45b5ca3.jpg?v=1757628521;3;;
womens-jasper-zionic-black-black;;;;;;;;;;;;;https://cdn.shopify.com/s/files/1/0607/3263/7348/files/03fe823323908ad40c1f48d7ff475196fe74a8d3.jpg?v=1757628521;4;;
womens-jasper-zionic-black-black;;;;;;;;;;;;;https://cdn.shopify.com/s/files/1/0607/3263/7348/files/9d509f105f4ca28d5bdd50ee43c01cf37ed82d30.jpg?v=1757628521;5;;
womens-jasper-zionic-black-black;;;;;;;;;;;;;https://cdn.shopify.com/s/files/1/0607/3263/7348/files/23ec520469d04bdc1228293a6a14e2a59a1f377a.jpg?v=1757628521;6;;
womens-jasper-zionic-cork-birch;KEEN Jasper Zionic Cork/Birch (Women's);The performance of a fast & light hiker with the clean, tailored look of brushed suede. Crag heritage reborn for the agile agendas of the day.;KEEN;Apparel & Accessories > Shoes;Footwear;JASPER_ZIONIC;;;;;;;;;;
womens-jasper-zionic-cork-birch;;;;;;;;;;;;;https://cdn.shopify.com/s/files/1/0607/3263/7348/files/ac32f232b14b43b7e4d34c354d4cd50c4f39ee50.jpg?v=1769629828;2;;
womens-jasper-zionic-cork-birch;;;;;;;;;;;;;https://cdn.shopify.com/s/files/1/0607/3263/7348/files/be7d0af0c8e30d409230dfcc8828e074e83836ec.jpg?v=1764106594;3;;
womens-jasper-zionic-cork-birch;;;;;;;;;;;;;https://cdn.shopify.com/s/files/1/0607/3263/7348/files/07b63de8f60a77a9fa0a051791f4aa9b6e07cd0a.jpg?v=1769629828;4;;
womens-jasper-zionic-cork-birch;;;;;;;;;;;;;https://cdn.shopify.com/s/files/1/0607/3263/7348/files/78b59da1d03e7ea1f9fa9b700cb037f9362b660a.jpg?v=1769629828;5;;
womens-jasper-zionic-cork-birch;;;;;;;;;;;;;https://cdn.shopify.com/s/files/1/0607/3263/7348/files/dd2818ae5c6655d318824905fff1398e6e1a16d8.jpg?v=1769629828;6;;
womens-jasper-zionic-cork-birch;;;;;;;;;;;;;https://cdn.shopify.com/s/files/1/0607/3263/7348/files/37266dfa3aeacf7f15faaac94423d9b6097d3abe.jpg?v=1769629828;7;;
womens-jasper-zionic-cork-java;KEEN Jasper Zionic Cork/Java (Women's);The performance of a fast & light hiker with the clean, tailored look of brushed suede. Crag heritage reborn for the agile agendas of the day.;KEEN;Apparel & Accessories > Shoes;Footwear;JASPER_ZIONIC;;;;;;;;;;
womens-jasper-zionic-cork-java;;;;;;;;;;;;;https://cdn.shopify.com/s/files/1/0607/3263/7348/files/ea4cf58d15521b489e212a59651def6664ad5b6b.jpg?v=1757628724;2;;
womens-jasper-zionic-cork-java;;;;;;;;;;;;;https://cdn.shopify.com/s/files/1/0607/3263/7348/files/6887f088cbe23333ea90c19a7cc5ea9029eaf7c0.jpg?v=1757628724;3;;
womens-jasper-zionic-cork-java;;;;;;;;;;;;;https://cdn.shopify.com/s/files/1/0607/3263/7348/files/3c600c7d80b9970a156dfaea84b6650896bbc715.jpg?v=1757628724;4;;
womens-jasper-zionic-cork-java;;;;;;;;;;;;;https://cdn.shopify.com/s/files/1/0607/3263/7348/files/5b631643aa7553c8d0a1bb38076c990f931bac74.jpg?v=1757628724;5;;
womens-jasper-zionic-cork-java;;;;;;;;;;;;;https://cdn.shopify.com/s/files/1/0607/3263/7348/files/215f3c725bc7424c3528875f07a1bb1a736f2896.jpg?v=1757628724;6;;
mens-ks86-black-birch;KEEN Ks86 Black/Birch (Men's);We took a trail runner from our archives, the A86, and reimagined it for life today. Aggressive trail tread and all-day sneaker comfort paired with retro suede craftsmanship.;KEEN;Apparel & Accessories > Shoes;Footwear;KS86;;;;;;;;;;
mens-ks86-black-birch;;;;;;;;;;;;;https://cdn.shopify.com/s/files/1/0607/3263/7348/files/15c40225342fb381ea4ec4e8df6afe68da4c5d6e.jpg?v=1772573143;2;;
mens-ks86-black-birch;;;;;;;;;;;;;https://cdn.shopify.com/s/files/1/0607/3263/7348/files/551533f0a97a68b5b4a16490b80a90cbac7cae26.jpg?v=1772573143;3;;
mens-ks86-black-birch;;;;;;;;;;;;;https://cdn.shopify.com/s/files/1/0607/3263/7348/files/4a8da0fda3c5f50c4ad98a5bed4bd8c56cc99171.jpg?v=1772573143;4;;
mens-ks86-black-birch;;;;;;;;;;;;;https://cdn.shopify.com/s/files/1/0607/3263/7348/files/b76ff1104487aed4f78f86ba70bb91cf6b6f7783.jpg?v=1772573143;5;;
mens-ks86-black-birch;;;;;;;;;;;;;https://cdn.shopify.com/s/files/1/0607/3263/7348/files/a54b0beec823fe8ec10ea556faaa304412c4f89a.jpg?v=1772573143;6;;
mens-ks86-black-birch;;;;;;;;;;;;;https://cdn.shopify.com/s/files/1/0607/3263/7348/files/1029591_PDP_Full_9e286a69-6f2e-4454-bc19-9cc7c2ca28af.jpg?v=1772573143;7;;
mens-ks86-black-birch;;;;;;;;;;;;;https://cdn.shopify.com/s/files/1/0607/3263/7348/files/1029593_PDP_Left_63e4c559-90ce-46b5-8ddc-1aa4e975fdb5.jpg?v=1772573143;8;;
mens-ks86-black-birch;;;;;;;;;;;;;https://cdn.shopify.com/s/files/1/0607/3263/7348/files/1029593_PDP_Right_abae5143-a8ea-445d-a274-17855c1b700c.jpg?v=1772573143;9;;
mens-ks86-chipmunk-black;KEEN Ks86 Chipmunk/Black (Men's);We took a trail runner from our archives, the A86, and reimagined it for life today. Aggressive trail tread and all-day sneaker comfort paired with retro suede craftsmanship.;KEEN;Apparel & Accessories > Shoes;Footwear;KS86;;;;;;;;;;
mens-ks86-chipmunk-black;;;;;;;;;;;;;https://cdn.shopify.com/s/files/1/0607/3263/7348/files/16c8f90d37e9d1c0d63f07d9859076ebdbf32b1d.jpg?v=1779229537;2;;
mens-ks86-chipmunk-black;;;;;;;;;;;;;https://cdn.shopify.com/s/files/1/0607/3263/7348/files/57174eb648568bab053ab6b888dc11060f4d8433.jpg?v=1779229537;3;;
mens-ks86-chipmunk-black;;;;;;;;;;;;;https://cdn.shopify.com/s/files/1/0607/3263/7348/files/5a2756aabc057c18c504d002a251cc42aa6060e5.jpg?v=1779229537;4;;
mens-ks86-chipmunk-black;;;;;;;;;;;;;https://cdn.shopify.com/s/files/1/0607/3263/7348/files/359164e6e83bd85dc3c4d515b9e40d3be7ea294b.jpg?v=1779229537;5;;
mens-ks86-chipmunk-black;;;;;;;;;;;;;https://cdn.shopify.com/s/files/1/0607/3263/7348/files/99e9e14e6960adae99194305d70967a1ac07782f.jpg?v=1779229536;6;;
mens-ks86-chipmunk-black;;;;;;;;;;;;;https://cdn.shopify.com/s/files/1/0607/3263/7348/files/1029591_PDP_Full_b738f216-8471-4723-8359-799ef8acadbf.jpg?v=1782406348;7;;
mens-ks86-chipmunk-black;;;;;;;;;;;;;https://cdn.shopify.com/s/files/1/0607/3263/7348/files/1029593_PDP_Left_9e66828b-403c-40e9-bc81-5136c50acaac.jpg?v=1782406348;8;;
mens-ks86-chipmunk-black;;;;;;;;;;;;;https://cdn.shopify.com/s/files/1/0607/3263/7348/files/1029593_PDP_Right_67a7d796-5e03-4717-97b7-a5ff89fdfb52.jpg?v=1782406348;9;;
mens-ks86-dark-olive-black;KEEN Ks86 Dark Olive/Black (Men's);We took a trail runner from our archives, the A86, and reimagined it for life today. Aggressive trail tread and all-day sneaker comfort paired with retro suede craftsmanship.;KEEN;Apparel & Accessories > Shoes;Footwear;KS86;;;;;;;;;;
mens-ks86-dark-olive-black;;;;;;;;;;;;;https://cdn.shopify.com/s/files/1/0607/3263/7348/files/5c244702595c3a6c953e5bfe5ba77ffdf6365d13.jpg?v=1772573622;2;;
mens-ks86-dark-olive-black;;;;;;;;;;;;;https://cdn.shopify.com/s/files/1/0607/3263/7348/files/0522dd0c3c7feb7eb44b1db168e269400b778c71.jpg?v=1772573622;3;;
mens-ks86-dark-olive-black;;;;;;;;;;;;;https://cdn.shopify.com/s/files/1/0607/3263/7348/files/82341626e1593f1af0aff6b401d81fc2193ed211.jpg?v=1772573622;4;;
mens-ks86-dark-olive-black;;;;;;;;;;;;;https://cdn.shopify.com/s/files/1/0607/3263/7348/files/556ab2789645318bbf2508f218b7e655dff9a01e.jpg?v=1772573622;5;;
mens-ks86-dark-olive-black;;;;;;;;;;;;;https://cdn.shopify.com/s/files/1/0607/3263/7348/files/a672c362ea6ae340390a4a9910c05231186e2b3b.jpg?v=1772573622;6;;
mens-ks86-dark-olive-black;;;;;;;;;;;;;https://cdn.shopify.com/s/files/1/0607/3263/7348/files/1029591_PDP_Full_1559f8fa-3a81-42d0-91ea-0dc942583e54.jpg?v=1772573622;7;;
mens-ks86-dark-olive-black;;;;;;;;;;;;;https://cdn.shopify.com/s/files/1/0607/3263/7348/files/1029593_PDP_Left_b756131c-d00f-4249-ba55-781ebd2d916d.jpg?v=1772573622;8;;
mens-ks86-dark-olive-black;;;;;;;;;;;;;https://cdn.shopify.com/s/files/1/0607/3263/7348/files/1029593_PDP_Right_b57ad50c-d04b-49df-a97e-70cb75b98163.jpg?v=1772573622;9;;
mens-ks86-star-white-black;KEEN Ks86 Star White/Black (Men's);We took a trail runner from our archives, the A86, and reimagined it for life today. Aggressive trail tread and all-day sneaker comfort paired with retro suede craftsmanship.;KEEN;Apparel & Accessories > Shoes;Footwear;KS86;;;;;;;;;;
mens-ks86-star-white-black;;;;;;;;;;;;;https://cdn.shopify.com/s/files/1/0607/3263/7348/files/72b4b82fcdf83e0b1ec81b95610a7c31f1777866.jpg?v=1772573564;2;;
mens-ks86-star-white-black;;;;;;;;;;;;;https://cdn.shopify.com/s/files/1/0607/3263/7348/files/9d8c285db2bc08f99474ffc6ecb2b561a47a0a04.jpg?v=1772573564;3;;
mens-ks86-star-white-black;;;;;;;;;;;;;https://cdn.shopify.com/s/files/1/0607/3263/7348/files/9122fdea4f6f24a5c929e8cbf7aadff6c0ca4a66.jpg?v=1772573564;4;;
mens-ks86-star-white-black;;;;;;;;;;;;;https://cdn.shopify.com/s/files/1/0607/3263/7348/files/1a8ce18f8320a7a30a0ea7151a941a448c7818e9.jpg?v=1772573564;5;;
mens-ks86-star-white-black;;;;;;;;;;;;;https://cdn.shopify.com/s/files/1/0607/3263/7348/files/711b3e8d512c2cffb9e700b7636edeeeac05aaad.jpg?v=1772573564;6;;
mens-ks86-star-white-black;;;;;;;;;;;;;https://cdn.shopify.com/s/files/1/0607/3263/7348/files/1029591_PDP_Full_c7e0ef1e-1d74-4d14-8971-1052443943c9.jpg?v=1772573564;7;;
mens-ks86-star-white-black;;;;;;;;;;;;;https://cdn.shopify.com/s/files/1/0607/3263/7348/files/1029593_PDP_Left_ca95922b-0fc8-4769-85ed-76cefa312d4d.jpg?v=1772573564;8;;
mens-ks86-star-white-black;;;;;;;;;;;;;https://cdn.shopify.com/s/files/1/0607/3263/7348/files/1029593_PDP_Right_eb495e03-1ac1-487e-ab5b-d44cae638b03.jpg?v=1772573564;9;;
womens-ks86-bison-birch;KEEN Ks86 Bison/Birch (Women's);We took a trail runner from our archives, the A86, and reimagined it for life today. Aggressive trail tread and all-day sneaker comfort paired with retro suede craftsmanship.;KEEN;Apparel & Accessories > Shoes;Footwear;KS86;;;;;;;;;;
womens-ks86-bison-birch;;;;;;;;;;;;;https://cdn.shopify.com/s/files/1/0607/3263/7348/files/cef4e53c33fc33c2e82d1bbd4ac4327169a96fed.jpg?v=1779906371;2;;
womens-ks86-bison-birch;;;;;;;;;;;;;https://cdn.shopify.com/s/files/1/0607/3263/7348/files/51a807601b4469207b99739ae4af2862ed916097.jpg?v=1779906371;3;;
womens-ks86-bison-birch;;;;;;;;;;;;;https://cdn.shopify.com/s/files/1/0607/3263/7348/files/727364180b37d0fe65924f7edee9bd81216fb762.jpg?v=1779906371;4;;
womens-ks86-bison-birch;;;;;;;;;;;;;https://cdn.shopify.com/s/files/1/0607/3263/7348/files/2a7cc2bd3a497f8e6666f8f69a142bda8e0a6b5a.jpg?v=1779906371;5;;
womens-ks86-bison-birch;;;;;;;;;;;;;https://cdn.shopify.com/s/files/1/0607/3263/7348/files/bf42645a91390643abb6d26f60c41eaad4bd02c7.jpg?v=1779906372;6;;
womens-ks86-bison-birch;;;;;;;;;;;;;https://cdn.shopify.com/s/files/1/0607/3263/7348/files/1029802_PDP_Full_1b74c67b-5e4c-44bf-bb44-83e7ba8bac9a.jpg?v=1782407544;7;;
womens-ks86-bison-birch;;;;;;;;;;;;;https://cdn.shopify.com/s/files/1/0607/3263/7348/files/1029802_PDP_Left_e9c1428f-6f8a-4c50-8e7e-972f365c5202.jpg?v=1782407544;8;;
womens-ks86-bison-birch;;;;;;;;;;;;;https://cdn.shopify.com/s/files/1/0607/3263/7348/files/1029802_PDP_Right_2e43127a-b3a1-40af-8859-d3511c8e40e7.jpg?v=1782407544;9;;
womens-ks86-black-birch;KEEN Ks86 Black/Birch (Women's);We took a trail runner from our archives, the A86, and reimagined it for life today. Aggressive trail tread and all-day sneaker comfort paired with retro suede craftsmanship.;KEEN;Apparel & Accessories > Shoes;Footwear;KS86;;;;;;;;;;
womens-ks86-black-birch;;;;;;;;;;;;;https://cdn.shopify.com/s/files/1/0607/3263/7348/files/82cd99b19162ead98eaadf23f6da90c7c82e82b3.jpg?v=1772573232;2;;
womens-ks86-black-birch;;;;;;;;;;;;;https://cdn.shopify.com/s/files/1/0607/3263/7348/files/e940f1ca7be74f9b177635a603965a68d9d6b928.jpg?v=1772573232;3;;
womens-ks86-black-birch;;;;;;;;;;;;;https://cdn.shopify.com/s/files/1/0607/3263/7348/files/626faee98d888ccf7340581bb9dd6d637010e5b1.jpg?v=1772573232;4;;
womens-ks86-black-birch;;;;;;;;;;;;;https://cdn.shopify.com/s/files/1/0607/3263/7348/files/13676875b5e177de32ba5acd53c12cf68c44a445.jpg?v=1772573232;5;;
womens-ks86-black-birch;;;;;;;;;;;;;https://cdn.shopify.com/s/files/1/0607/3263/7348/files/2f43ab17ac32bc4fa8355880b9a797a54f9d0a4b.jpg?v=1772573232;6;;
womens-ks86-black-birch;;;;;;;;;;;;;https://cdn.shopify.com/s/files/1/0607/3263/7348/files/799c10c8ca3be4a26dcc43eb18f7e95362caaacd.jpg?v=1772570149;7;;
womens-ks86-mediterranea-brittany-blue;KEEN Ks86 Mediterranea/Brittany Blue (Women's);We took a trail runner from our archives, the A86, and reimagined it for life today. Aggressive trail tread and all-day sneaker comfort paired with retro suede craftsmanship.;KEEN;Apparel & Accessories > Shoes;Footwear;KS86;;;;;;;;;;
womens-ks86-mediterranea-brittany-blue;;;;;;;;;;;;;https://cdn.shopify.com/s/files/1/0607/3263/7348/files/fa3fc0b42d310e647fa7f5b469e02c970fe6e9fd.jpg?v=1779906549;2;;
womens-ks86-mediterranea-brittany-blue;;;;;;;;;;;;;https://cdn.shopify.com/s/files/1/0607/3263/7348/files/700f71b01e54dc275bd70e03bbc6cb6334294f16.jpg?v=1779906549;3;;
womens-ks86-mediterranea-brittany-blue;;;;;;;;;;;;;https://cdn.shopify.com/s/files/1/0607/3263/7348/files/8954862ab3d47acb3a6699bbd966159c61db72db.jpg?v=1779906549;4;;
womens-ks86-mediterranea-brittany-blue;;;;;;;;;;;;;https://cdn.shopify.com/s/files/1/0607/3263/7348/files/dc6fec0147b317a72775ad6922ebd30cb1d9cc1e.jpg?v=1779906549;5;;
womens-ks86-mediterranea-brittany-blue;;;;;;;;;;;;;https://cdn.shopify.com/s/files/1/0607/3263/7348/files/aeaaf0d33270b493ac27310be3b0d1d93e18923b.jpg?v=1779906549;6;;
womens-ks86-mediterranea-brittany-blue;;;;;;;;;;;;;https://cdn.shopify.com/s/files/1/0607/3263/7348/files/1029802_PDP_Full_8870f060-97ec-4325-9b9b-a7e983e26298.jpg?v=1782407541;7;;
womens-ks86-mediterranea-brittany-blue;;;;;;;;;;;;;https://cdn.shopify.com/s/files/1/0607/3263/7348/files/1029802_PDP_Left_b54de1be-dae8-4fd7-9b0f-618e42a0d03e.jpg?v=1782407541;8;;
womens-ks86-mediterranea-brittany-blue;;;;;;;;;;;;;https://cdn.shopify.com/s/files/1/0607/3263/7348/files/1029802_PDP_Right_a1f8ff03-4960-439b-bb1d-502829f42a88.jpg?v=1782407541;9;;
womens-ks86-plaza-taupe-khaki;KEEN Ks86 Plaza Taupe/Khaki (Women's);We took a trail runner from our archives, the A86, and reimagined it for life today. Aggressive trail tread and all-day sneaker comfort paired with retro suede craftsmanship.;KEEN;Apparel & Accessories > Shoes;Footwear;KS86;;;;;;;;;;
womens-ks86-plaza-taupe-khaki;;;;;;;;;;;;;https://cdn.shopify.com/s/files/1/0607/3263/7348/files/7f9b9effb00ca04e98595dceea713a56b3be4603.jpg?v=1779906367;2;;
womens-ks86-plaza-taupe-khaki;;;;;;;;;;;;;https://cdn.shopify.com/s/files/1/0607/3263/7348/files/10732ec966588791ee253350b4fbbe19aa193e24.jpg?v=1779906366;3;;
womens-ks86-plaza-taupe-khaki;;;;;;;;;;;;;https://cdn.shopify.com/s/files/1/0607/3263/7348/files/d7d56585b68374cd09aa672175ac9da2bc36477b.jpg?v=1779906367;4;;
womens-ks86-plaza-taupe-khaki;;;;;;;;;;;;;https://cdn.shopify.com/s/files/1/0607/3263/7348/files/4bc7ffdb6f6c104725972e5fba2cf43f55fea7fb.jpg?v=1779906366;5;;
womens-ks86-plaza-taupe-khaki;;;;;;;;;;;;;https://cdn.shopify.com/s/files/1/0607/3263/7348/files/47062fe1822f7e175179338d4e2570889373b6e5.jpg?v=1779906372;6;;
womens-ks86-plaza-taupe-khaki;;;;;;;;;;;;;https://cdn.shopify.com/s/files/1/0607/3263/7348/files/1029802_PDP_Full_b14e1059-760b-47f9-8173-c832a7f942c5.jpg?v=1782407536;7;;
womens-ks86-plaza-taupe-khaki;;;;;;;;;;;;;https://cdn.shopify.com/s/files/1/0607/3263/7348/files/1029802_PDP_Left_76422782-37b2-4a6a-8fd5-d577f6439623.jpg?v=1782407536;8;;
womens-ks86-plaza-taupe-khaki;;;;;;;;;;;;;https://cdn.shopify.com/s/files/1/0607/3263/7348/files/1029802_PDP_Right_232f451f-ea95-4e48-93e3-4cb4489b0946.jpg?v=1782407536;9;;
mens-newport-leather-bison;KEEN Newport Bison (Men's);The sandal that started it all. Our original hybrid sandal in waterproof, environmentally preferred leather.;KEEN;Apparel & Accessories > Shoes;Footwear;NEWPORT;;;;;;;;;;
mens-newport-leather-bison;;;;;;;;;;;;;https://cdn.shopify.com/s/files/1/0607/3263/7348/products/5749d09a41efd3372168882166cdd767f61872bd.jpg?v=1735577517;2;;
mens-newport-leather-bison;;;;;;;;;;;;;https://cdn.shopify.com/s/files/1/0607/3263/7348/products/17014a67aa06a5b07b2602cd4f7d36e91f48a1de.jpg?v=1735577517;3;;
mens-newport-leather-bison;;;;;;;;;;;;;https://cdn.shopify.com/s/files/1/0607/3263/7348/products/3d7335ffc933feac8e053fd18ef55f7dec5ead6e.jpg?v=1735577517;4;;
mens-newport-leather-bison;;;;;;;;;;;;;https://cdn.shopify.com/s/files/1/0607/3263/7348/products/9ae593af8fc92ea783dde1904c5a425e17e9fed2.jpg?v=1735577517;5;;
mens-newport-leather-bison;;;;;;;;;;;;;https://cdn.shopify.com/s/files/1/0607/3263/7348/products/2ee7d78d7d85a708a414bb65b4b457efe1db62bf.jpg?v=1735577517;6;;
mens-newport-leather-bison;;;;;;;;;;;;;https://cdn.shopify.com/s/files/1/0607/3263/7348/files/SS25_KEEN_M_NewportLeather_PDP_Wide_Lifestyle.jpg?v=1737146034;7;;
mens-newport-leather-bison;;;;;;;;;;;;;https://cdn.shopify.com/s/files/1/0607/3263/7348/files/SS25_KEEN_M_NewportLeather_PDP_Vertical_1_Lifestyle.jpg?v=1737146034;8;;
mens-newport-leather-bison;;;;;;;;;;;;;https://cdn.shopify.com/s/files/1/0607/3263/7348/products/Leather_PDP_2_335b166b-0469-4dff-9937-ba7ba98c14e7.jpg?v=1737146034;9;;
mens-newport-h2-alloy-cream-gold;KEEN Newport H2 Alloy/Cream Gold (Men's);Part water sandal, part hiker. The original hybrid sandal, 50 million adventures and counting.;KEEN;Apparel & Accessories > Shoes;Footwear;NEWPORT_H2;;;;;;;;;;
mens-newport-h2-alloy-cream-gold;;;;;;;;;;;;;https://cdn.shopify.com/s/files/1/0607/3263/7348/files/3b4d417712e87fe3367ead0b82199fc5e9527992.jpg?v=1769548098;2;;
mens-newport-h2-alloy-cream-gold;;;;;;;;;;;;;https://cdn.shopify.com/s/files/1/0607/3263/7348/files/b1546e80184bb3431131a17b4727367b8991eedc.jpg?v=1769548098;3;;
mens-newport-h2-alloy-cream-gold;;;;;;;;;;;;;https://cdn.shopify.com/s/files/1/0607/3263/7348/files/c985782592c12db3e82fe3a7436896017df9b5fe.jpg?v=1769548098;4;;
mens-newport-h2-alloy-cream-gold;;;;;;;;;;;;;https://cdn.shopify.com/s/files/1/0607/3263/7348/files/75fb396ed3c012e1c30f952c4e02d5c21faf98d2.jpg?v=1769548098;5;;
mens-newport-h2-alloy-cream-gold;;;;;;;;;;;;;https://cdn.shopify.com/s/files/1/0607/3263/7348/files/f787774b18ac744e1bc2d69991a4d9a747abef8b.jpg?v=1769548098;6;;
mens-newport-h2-alloy-cream-gold;;;;;;;;;;;;;https://cdn.shopify.com/s/files/1/0607/3263/7348/files/KPD-1488_SS24_KEEN_1028517_M_NewportH2_Image_Top_801f4139-133c-4118-bbcf-f4084d9e43ff.jpg?v=1769548098;7;;
mens-newport-h2-alloy-cream-gold;;;;;;;;;;;;;https://cdn.shopify.com/s/files/1/0607/3263/7348/files/NewportH2A_PDPLifestyleImage_02_dcf6c2b6-53c7-4577-8c18-ae26f7b739b3.jpg?v=1769548098;8;;
mens-newport-h2-alloy-cream-gold;;;;;;;;;;;;;https://cdn.shopify.com/s/files/1/0607/3263/7348/files/KPD-1488_SS24_KEEN_1001938_M_NewportH2_Image_Right_a46af840-a879-4a2c-a207-18dd4a4b5e49.jpg?v=1769548098;9;;
mens-newport-h2-black;KEEN Newport H2 Black (Men's);Part water sandal, part hiker. The original hybrid sandal, 50 million adventures and counting.;KEEN;Apparel & Accessories > Shoes;Footwear;NEWPORT_H2;;;;;;;;;;
mens-newport-h2-black;;;;;;;;;;;;;https://cdn.shopify.com/s/files/1/0607/3263/7348/files/4e1dc2713c3e25871f2fb32c9fa576f5188903bc.jpg?v=1745866567;2;;
mens-newport-h2-black;;;;;;;;;;;;;https://cdn.shopify.com/s/files/1/0607/3263/7348/files/4c6157f03c910c7c63fbeed84e2d2d61662f61b9.jpg?v=1745866567;3;;
mens-newport-h2-black;;;;;;;;;;;;;https://cdn.shopify.com/s/files/1/0607/3263/7348/files/1083488b82e5ae259f14c2731a5c7701c911fe1a.jpg?v=1745866567;4;;
mens-newport-h2-black;;;;;;;;;;;;;https://cdn.shopify.com/s/files/1/0607/3263/7348/files/3b146e503e6c8fcfe484321de0a99c75c36ca396.jpg?v=1745866567;5;;
mens-newport-h2-black;;;;;;;;;;;;;https://cdn.shopify.com/s/files/1/0607/3263/7348/files/2a7538b2db715635896dc76f9120f3c9e83f614b.jpg?v=1745866567;6;;
mens-newport-h2-black;;;;;;;;;;;;;https://cdn.shopify.com/s/files/1/0607/3263/7348/files/KPD-1488_SS24_KEEN_1028517_M_NewportH2_Image_Top_459f0c98-217d-4d29-92a8-da772d4e520f.jpg?v=1745866567;7;;
mens-newport-h2-black;;;;;;;;;;;;;https://cdn.shopify.com/s/files/1/0607/3263/7348/files/NewportH2A_PDPLifestyleImage_02_bd5ea93c-7c39-473f-a415-5e6fb3013342.jpg?v=1745866567;8;;
mens-newport-h2-black;;;;;;;;;;;;;https://cdn.shopify.com/s/files/1/0607/3263/7348/files/KPD-1488_SS24_KEEN_1001938_M_NewportH2_Image_Right_47efd896-e778-4b3b-a115-2d8a2a89e1b7.jpg?v=1745866567;9;;
mens-newport-h2-india-ink-rust;KEEN Newport H2 India Ink/Rust (Men's);Part water sandal, part hiker. The original hybrid sandal, 50 million adventures and counting.;KEEN;Apparel & Accessories > Shoes;Footwear;NEWPORT_H2;;;;;;;;;;
mens-newport-h2-india-ink-rust;;;;;;;;;;;;;https://cdn.shopify.com/s/files/1/0607/3263/7348/files/380af08fa1477d6527d16e1d79ed14054c683a16.jpg?v=1745866221;2;;
mens-newport-h2-india-ink-rust;;;;;;;;;;;;;https://cdn.shopify.com/s/files/1/0607/3263/7348/files/8db4c1c3da0bafd75f22a77c363f1c4cc7b8b437.jpg?v=1745866221;3;;
mens-newport-h2-india-ink-rust;;;;;;;;;;;;;https://cdn.shopify.com/s/files/1/0607/3263/7348/files/ad6806c30a85bc6b3cb8fa6e812bd0abaf298e39.jpg?v=1745866221;4;;
mens-newport-h2-india-ink-rust;;;;;;;;;;;;;https://cdn.shopify.com/s/files/1/0607/3263/7348/files/393c02e288a5b94c814fb5ddcfee4a384ad91323.jpg?v=1745866221;5;;
mens-newport-h2-india-ink-rust;;;;;;;;;;;;;https://cdn.shopify.com/s/files/1/0607/3263/7348/files/003b23c60e7de419a4d0b35e24f6770374b2592a.jpg?v=1745866221;6;;
mens-newport-h2-india-ink-rust;;;;;;;;;;;;;https://cdn.shopify.com/s/files/1/0607/3263/7348/files/KPD-1488_SS24_KEEN_1028517_M_NewportH2_Image_Top_209b4ef8-f690-4429-a73e-ea7012b04ada.jpg?v=1745866221;7;;
mens-newport-h2-india-ink-rust;;;;;;;;;;;;;https://cdn.shopify.com/s/files/1/0607/3263/7348/files/NewportH2A_PDPLifestyleImage_02_b8d24967-ead6-4a60-8c4f-ec09c7db73ff.jpg?v=1745866221;8;;
mens-newport-h2-india-ink-rust;;;;;;;;;;;;;https://cdn.shopify.com/s/files/1/0607/3263/7348/files/KPD-1488_SS24_KEEN_1001938_M_NewportH2_Image_Right_ab5f75b3-197b-4e08-9eb0-67bc8edde531.jpg?v=1745866221;9;;
mens-newport-h2-magnet-nasturtium;KEEN Newport H2 Magnet/Nasturtium (Men's);Part water sandal, part hiker. The original hybrid sandal, 50 million adventures and counting.;KEEN;Apparel & Accessories > Shoes;Footwear;NEWPORT_H2;;;;;;;;;;
mens-newport-h2-magnet-nasturtium;;;;;;;;;;;;;https://cdn.shopify.com/s/files/1/0607/3263/7348/files/468c381fab039268c49ec2b3c986c1f7ddc3d0c2.jpg?v=1745866425;2;;
mens-newport-h2-magnet-nasturtium;;;;;;;;;;;;;https://cdn.shopify.com/s/files/1/0607/3263/7348/files/483c9d1f3fa16c6ff17db307243d18e8dca2c3ea.jpg?v=1745866425;3;;
mens-newport-h2-magnet-nasturtium;;;;;;;;;;;;;https://cdn.shopify.com/s/files/1/0607/3263/7348/files/3e1c21b4ed7f61d7b795ff768716dbda26c48a1d.jpg?v=1745866425;4;;
mens-newport-h2-magnet-nasturtium;;;;;;;;;;;;;https://cdn.shopify.com/s/files/1/0607/3263/7348/files/75403a2a98ba1dd8e3cc4d5892ff110c623350f1.jpg?v=1745866425;5;;
mens-newport-h2-magnet-nasturtium;;;;;;;;;;;;;https://cdn.shopify.com/s/files/1/0607/3263/7348/files/f8a0e5ec641bfe29d9b06093d505d253775d73de.jpg?v=1745866425;6;;
mens-newport-h2-magnet-nasturtium;;;;;;;;;;;;;https://cdn.shopify.com/s/files/1/0607/3263/7348/files/KPD-1488_SS24_KEEN_1028517_M_NewportH2_Image_Top_77a2ca0d-53d7-425d-9455-8dc7b2030b93.jpg?v=1745866425;7;;
mens-newport-h2-magnet-nasturtium;;;;;;;;;;;;;https://cdn.shopify.com/s/files/1/0607/3263/7348/files/NewportH2A_PDPLifestyleImage_02_9e0be012-669a-4a30-ade4-302f6021401e.jpg?v=1745866425;8;;
mens-newport-h2-magnet-nasturtium;;;;;;;;;;;;;https://cdn.shopify.com/s/files/1/0607/3263/7348/files/KPD-1488_SS24_KEEN_1001938_M_NewportH2_Image_Right_b47fc56e-d7a1-4004-b867-501707ca3067.jpg?v=1745866425;9;;
mens-newport-h2-monochrome-burnt-brick;KEEN Newport H2 Monochrome/Burnt Brick (Men's);Part water sandal, part hiker. The original hybrid sandal, 50 million adventures and counting.;KEEN;Apparel & Accessories > Shoes;Footwear;NEWPORT_H2;;;;;;;;;;
mens-newport-h2-monochrome-burnt-brick;;;;;;;;;;;;;https://cdn.shopify.com/s/files/1/0607/3263/7348/files/fb7e148ce44c906d457ba3aa91ac95ae59deb674.jpg?v=1769548025;2;;
mens-newport-h2-monochrome-burnt-brick;;;;;;;;;;;;;https://cdn.shopify.com/s/files/1/0607/3263/7348/files/e43d61c5624eb93e5d847b2b9210dcf99d86398a.jpg?v=1769548025;3;;
mens-newport-h2-monochrome-burnt-brick;;;;;;;;;;;;;https://cdn.shopify.com/s/files/1/0607/3263/7348/files/492d6a8f8d6ef87c9f61cc9713b0c513c78019ed.jpg?v=1769548025;4;;
mens-newport-h2-monochrome-burnt-brick;;;;;;;;;;;;;https://cdn.shopify.com/s/files/1/0607/3263/7348/files/9bf3005a03589302d77738789f572d11838c443b.jpg?v=1769548025;5;;
mens-newport-h2-monochrome-burnt-brick;;;;;;;;;;;;;https://cdn.shopify.com/s/files/1/0607/3263/7348/files/d16d4b86385f2dfe33ff1d7aaffee8d844072b8f.jpg?v=1769548025;6;;
mens-newport-h2-monochrome-burnt-brick;;;;;;;;;;;;;https://cdn.shopify.com/s/files/1/0607/3263/7348/files/KPD-1488_SS24_KEEN_1028517_M_NewportH2_Image_Top_481366d7-ce1e-4445-b70c-50d6dd3816e8.jpg?v=1769548025;7;;
mens-newport-h2-monochrome-burnt-brick;;;;;;;;;;;;;https://cdn.shopify.com/s/files/1/0607/3263/7348/files/KPD-1488_SS24_KEEN_1001938_M_NewportH2_Image_Right_234a544e-86f3-42ab-a74f-0fa7561eaef3.jpg?v=1769548025;8;;
mens-newport-h2-monochrome-burnt-brick;;;;;;;;;;;;;https://cdn.shopify.com/s/files/1/0607/3263/7348/files/NewportH2A_PDPLifestyleImage_02_3bf75928-46bb-4b27-bfde-ab0949c35e23.jpg?v=1769548025;9;;
mens-newport-h2-monochrome-dark-earth;KEEN Newport H2 Monochrome/Dark Earth (Men's);Part water sandal, part hiker. The original hybrid sandal, 50 million adventures and counting.;KEEN;Apparel & Accessories > Shoes;Footwear;NEWPORT_H2;;;;;;;;;;
mens-newport-h2-monochrome-dark-earth;;;;;;;;;;;;;https://cdn.shopify.com/s/files/1/0607/3263/7348/files/17ba166703f1aa1607a0e563354717bac4eba7d2.jpg?v=1740159848;2;;
mens-newport-h2-monochrome-dark-earth;;;;;;;;;;;;;https://cdn.shopify.com/s/files/1/0607/3263/7348/files/cca550871fbb2317356a2d208a8d61d4226646b4.jpg?v=1740159848;3;;
mens-newport-h2-monochrome-dark-earth;;;;;;;;;;;;;https://cdn.shopify.com/s/files/1/0607/3263/7348/files/7961b3f70147bb83a866138b8c2c61de59624591.jpg?v=1740159848;4;;
mens-newport-h2-monochrome-dark-earth;;;;;;;;;;;;;https://cdn.shopify.com/s/files/1/0607/3263/7348/files/df2672925137f9810bf8916f18b885fd4770e394.jpg?v=1740159848;5;;
mens-newport-h2-monochrome-dark-earth;;;;;;;;;;;;;https://cdn.shopify.com/s/files/1/0607/3263/7348/files/14bd1525542b88564b38eb08ce08681033a25018.jpg?v=1740159848;6;;
mens-newport-h2-monochrome-dark-earth;;;;;;;;;;;;;https://cdn.shopify.com/s/files/1/0607/3263/7348/files/H2MonochromePDPM_W_Lifestyle1.jpg?v=1740159848;7;;
mens-newport-h2-monochrome-dark-earth;;;;;;;;;;;;;https://cdn.shopify.com/s/files/1/0607/3263/7348/files/NewportH2A_PDPLifestyleImage_M_Monochrome_02.jpg?v=1740159848;8;;
mens-newport-h2-monochrome-dark-earth;;;;;;;;;;;;;https://cdn.shopify.com/s/files/1/0607/3263/7348/files/H2MonochromePDPM_W_Lifestyle3.jpg?v=1740159848;9;;
mens-newport-h2-navy-medium-gray;KEEN Newport H2 Navy/Medium Grey (Men's);Part water sandal, part hiker. The original hybrid sandal, 50 million adventures and counting.;KEEN;Apparel & Accessories > Shoes;Footwear;NEWPORT_H2;;;;;;;;;;
mens-newport-h2-navy-medium-gray;;;;;;;;;;;;;https://cdn.shopify.com/s/files/1/0607/3263/7348/files/f4c75cf7183f536fa23dc644a1c1d83a9957c46a.jpg?v=1745866499;2;;
mens-newport-h2-navy-medium-gray;;;;;;;;;;;;;https://cdn.shopify.com/s/files/1/0607/3263/7348/files/05b256acc5180326f4cc45ab878d3c5729101712.jpg?v=1745866499;3;;
mens-newport-h2-navy-medium-gray;;;;;;;;;;;;;https://cdn.shopify.com/s/files/1/0607/3263/7348/files/f3bcb3ef4d612f3b04f2b68207ba9fa78ea07e18.jpg?v=1745866499;4;;
mens-newport-h2-navy-medium-gray;;;;;;;;;;;;;https://cdn.shopify.com/s/files/1/0607/3263/7348/files/e5f3bc65bd2c702fb24385f5848883ae8ab45714.jpg?v=1745866499;5;;
mens-newport-h2-navy-medium-gray;;;;;;;;;;;;;https://cdn.shopify.com/s/files/1/0607/3263/7348/files/9dd754727caa16dba36027c7be1f0ef9d9c48e24.jpg?v=1745866499;6;;
mens-newport-h2-navy-medium-gray;;;;;;;;;;;;;https://cdn.shopify.com/s/files/1/0607/3263/7348/files/KPD-1488_SS24_KEEN_1028517_M_NewportH2_Image_Top_629ba035-880a-4303-9ba4-ecc4301345c5.jpg?v=1745866499;7;;
mens-newport-h2-navy-medium-gray;;;;;;;;;;;;;https://cdn.shopify.com/s/files/1/0607/3263/7348/files/NewportH2A_PDPLifestyleImage_02_8b33c769-799a-4c93-a35b-d5e36498a10a.jpg?v=1745866499;8;;
mens-newport-h2-navy-medium-gray;;;;;;;;;;;;;https://cdn.shopify.com/s/files/1/0607/3263/7348/files/KPD-1488_SS24_KEEN_1001938_M_NewportH2_Image_Right_a3eda9fc-0560-45af-9a87-6ddd1a18e5dd.jpg?v=1745866499;9;;
mens-newport-h2-raven-aluminum;KEEN Newport H2 Raven/Aluminum (Men's);Part water sandal, part hiker. The original hybrid sandal, 50 million adventures and counting.;KEEN;Apparel & Accessories > Shoes;Footwear;NEWPORT_H2;;;;;;;;;;
mens-newport-h2-raven-aluminum;;;;;;;;;;;;;https://cdn.shopify.com/s/files/1/0607/3263/7348/files/69eb32c32c38cc88dfed956e1d5b20786a78bf42.jpg?v=1745866639;2;;
mens-newport-h2-raven-aluminum;;;;;;;;;;;;;https://cdn.shopify.com/s/files/1/0607/3263/7348/files/88f12fa7014f9d41345039f5ca362039407f5109.jpg?v=1745866639;3;;
mens-newport-h2-raven-aluminum;;;;;;;;;;;;;https://cdn.shopify.com/s/files/1/0607/3263/7348/files/ea9ea16c968a0bd145bb0d92767d2df91f70b0a5.jpg?v=1745866639;4;;
mens-newport-h2-raven-aluminum;;;;;;;;;;;;;https://cdn.shopify.com/s/files/1/0607/3263/7348/files/afa0794a897dd29ec69da72f3424b67e19968be2.jpg?v=1745866639;5;;
mens-newport-h2-raven-aluminum;;;;;;;;;;;;;https://cdn.shopify.com/s/files/1/0607/3263/7348/files/9ecffe7ee8b6f1b2a10d9a53aad6bcd06bc998d1.jpg?v=1745866639;6;;
mens-newport-h2-raven-aluminum;;;;;;;;;;;;;https://cdn.shopify.com/s/files/1/0607/3263/7348/files/KPD-1488_SS24_KEEN_1028517_M_NewportH2_Image_Top_35a5a098-fd50-4db1-a4d7-22020fd8c5c6.jpg?v=1745866639;7;;
mens-newport-h2-raven-aluminum;;;;;;;;;;;;;https://cdn.shopify.com/s/files/1/0607/3263/7348/files/NewportH2A_PDPLifestyleImage_02_13b63260-18ac-415f-acc2-4475bf44dcc7.jpg?v=1745866639;8;;
mens-newport-h2-raven-aluminum;;;;;;;;;;;;;https://cdn.shopify.com/s/files/1/0607/3263/7348/files/KPD-1488_SS24_KEEN_1001938_M_NewportH2_Image_Right_3d7cb201-342e-497f-bd7c-93500326a0c0.jpg?v=1745866639;9;;
mens-newport-h2-raya-black;KEEN Newport H2 Raya Black (Men's);Part water sandal, part hiker. The original hybrid sandal, 50 million adventures and counting.;KEEN;Apparel & Accessories > Shoes;Footwear;NEWPORT_H2;;;;;;;;;;
mens-newport-h2-raya-black;;;;;;;;;;;;;https://cdn.shopify.com/s/files/1/0607/3263/7348/files/4bbb15f28a4bfc4f475714d56903cf9faefe5c4e.jpg?v=1745866608;2;;
mens-newport-h2-raya-black;;;;;;;;;;;;;https://cdn.shopify.com/s/files/1/0607/3263/7348/files/48ce0de9e9ffd3a136bd3647368cc8a6619088dd.jpg?v=1745866608;3;;
mens-newport-h2-raya-black;;;;;;;;;;;;;https://cdn.shopify.com/s/files/1/0607/3263/7348/files/bd60387e6d35b67375f42149f148acff7a2362de.jpg?v=1745866608;4;;
mens-newport-h2-raya-black;;;;;;;;;;;;;https://cdn.shopify.com/s/files/1/0607/3263/7348/files/90ab141512944b87c2ce8816c8270a29cd327d03.jpg?v=1745866608;5;;
mens-newport-h2-raya-black;;;;;;;;;;;;;https://cdn.shopify.com/s/files/1/0607/3263/7348/files/c86b840564d16323e597e0fc2cbb13f91595d5a3.jpg?v=1745866608;6;;
mens-newport-h2-raya-black;;;;;;;;;;;;;https://cdn.shopify.com/s/files/1/0607/3263/7348/files/KPD-1488_SS24_KEEN_1028517_M_NewportH2_Image_Top_8b9c9432-a169-4d03-8b87-29db88d88e23.jpg?v=1745866608;7;;
mens-newport-h2-raya-black;;;;;;;;;;;;;https://cdn.shopify.com/s/files/1/0607/3263/7348/files/NewportH2A_PDPLifestyleImage_02_8afad8ca-1949-478d-94d9-8bf9fa785e5c.jpg?v=1745866608;8;;
mens-newport-h2-raya-black;;;;;;;;;;;;;https://cdn.shopify.com/s/files/1/0607/3263/7348/files/KPD-1488_SS24_KEEN_1001938_M_NewportH2_Image_Right_494cd9b9-ce90-48ca-a4dd-0c12ca700e03.jpg?v=1745866608;9;;
mens-newport-h2-triple-black;KEEN Newport H2 Triple Black (Men's);Part water sandal, part hiker. The original hybrid sandal, 50 million adventures and counting.;KEEN;Apparel & Accessories > Shoes;Footwear;NEWPORT_H2;;;;;;;;;;
mens-newport-h2-triple-black;;;;;;;;;;;;;https://cdn.shopify.com/s/files/1/0607/3263/7348/files/94d21efb6cce34eba01c7aee959ec479b76362c5.jpg?v=1739294227;2;;
mens-newport-h2-triple-black;;;;;;;;;;;;;https://cdn.shopify.com/s/files/1/0607/3263/7348/files/25e6e1fc950874bebc26e697bfc5bf74e153b574.jpg?v=1739294227;3;;
mens-newport-h2-triple-black;;;;;;;;;;;;;https://cdn.shopify.com/s/files/1/0607/3263/7348/files/8d8dbb0eaf1a58b32624cd5a5767ff42f810c79f.jpg?v=1739294227;4;;
mens-newport-h2-triple-black;;;;;;;;;;;;;https://cdn.shopify.com/s/files/1/0607/3263/7348/files/df7c1822c89842564f7b8ccaa821677b3e066951.jpg?v=1739294227;5;;
mens-newport-h2-triple-black;;;;;;;;;;;;;https://cdn.shopify.com/s/files/1/0607/3263/7348/files/a837731d68c013d4963231a264001c2007b7281a.jpg?v=1739294227;6;;
mens-newport-h2-triple-black;;;;;;;;;;;;;https://cdn.shopify.com/s/files/1/0607/3263/7348/files/H2MonochromePDPM_W_Lifestyle1_cf357ee9-8ec6-495a-8dcc-383f15e0d2df.jpg?v=1784738844;7;;
mens-newport-h2-triple-black;;;;;;;;;;;;;https://cdn.shopify.com/s/files/1/0607/3263/7348/files/NewportH2A_PDPLifestyleImage_M_Monochrome_02_8ac7210e-da1c-4a92-8845-90e76d5cecdc.jpg?v=1784738873;8;;
mens-newport-h2-triple-black;;;;;;;;;;;;;https://cdn.shopify.com/s/files/1/0607/3263/7348/files/H2MonochromePDPM_W_Lifestyle3_2023cab3-5f0e-47c9-9598-c5240a88b43e.jpg?v=1784738880;9;;
womens-newport-h2-monochrome-cameo-rose;KEEN Newport H2 Monochrome/Cameo Rose (Women's);Part water sandal, part hiker. The original hybrid sandal, 50 million adventures and counting.;KEEN;Apparel & Accessories > Shoes;Footwear;NEWPORT_H2;;;;;;;;;;
womens-newport-h2-monochrome-cameo-rose;;;;;;;;;;;;;https://cdn.shopify.com/s/files/1/0607/3263/7348/files/c4c8736cb46de0752b29d6ae2d315c40519fb411.jpg?v=1769635896;2;;
womens-newport-h2-monochrome-cameo-rose;;;;;;;;;;;;;https://cdn.shopify.com/s/files/1/0607/3263/7348/files/8b1f57ec7482a08712ef86f41d675995e0e9fdd7.jpg?v=1769635896;3;;
womens-newport-h2-monochrome-cameo-rose;;;;;;;;;;;;;https://cdn.shopify.com/s/files/1/0607/3263/7348/files/b4649044edf4b1d94dd8ffdeb3e6f26f928e361b.jpg?v=1769635896;4;;
womens-newport-h2-monochrome-cameo-rose;;;;;;;;;;;;;https://cdn.shopify.com/s/files/1/0607/3263/7348/files/90ccff603cdb115dc25e0a08f348eb89e5158f34.jpg?v=1769635896;5;;
womens-newport-h2-monochrome-cameo-rose;;;;;;;;;;;;;https://cdn.shopify.com/s/files/1/0607/3263/7348/files/68126a0f969d210987fa5cdede522010aa676cf0.jpg?v=1769635896;6;;
womens-newport-h2-monochrome-cameo-rose;;;;;;;;;;;;;https://cdn.shopify.com/s/files/1/0607/3263/7348/files/H2AllNonMonoPDPLifestyleWomens1_80137da6-838e-46ce-99d4-05c959f4bcc5.jpg?v=1769635896;7;;
womens-newport-h2-monochrome-cameo-rose;;;;;;;;;;;;;https://cdn.shopify.com/s/files/1/0607/3263/7348/files/NewportH2A_PDPLifestyleImage_W_02_ec04c641-7ce0-4732-9067-0d98cca76796.jpg?v=1769635896;8;;
womens-newport-h2-monochrome-cameo-rose;;;;;;;;;;;;;https://cdn.shopify.com/s/files/1/0607/3263/7348/files/NewportH2A_PDPLifestyleImage_W_03_02f38057-a91b-4a21-b8b6-e16b34854bc5.jpg?v=1769635896;9;;
womens-newport-h2-monochrome-faded-denim;KEEN Newport H2 Monochrome/Faded Denim (Women's);Part water sandal, part hiker. The original hybrid sandal, 50 million adventures and counting.;KEEN;Apparel & Accessories > Shoes;Footwear;NEWPORT_H2;;;;;;;;;;
womens-newport-h2-monochrome-faded-denim;;;;;;;;;;;;;https://cdn.shopify.com/s/files/1/0607/3263/7348/files/fff43e367e65bfe710c980355c4b9b7bb6f393ba.jpg?v=1764106594;2;;
womens-newport-h2-monochrome-faded-denim;;;;;;;;;;;;;https://cdn.shopify.com/s/files/1/0607/3263/7348/files/1c1599df7713e1a5bf6e35625129a6cab565bf17.jpg?v=1764106594;3;;
womens-newport-h2-monochrome-faded-denim;;;;;;;;;;;;;https://cdn.shopify.com/s/files/1/0607/3263/7348/files/7bcebfb7b0ba431199b6e3e2208888edc0d6fa94.jpg?v=1764106594;4;;
womens-newport-h2-monochrome-faded-denim;;;;;;;;;;;;;https://cdn.shopify.com/s/files/1/0607/3263/7348/files/4947d44e3e6c4b99fe3bbd63641c81ef1247df96.jpg?v=1764106594;5;;
womens-newport-h2-monochrome-faded-denim;;;;;;;;;;;;;https://cdn.shopify.com/s/files/1/0607/3263/7348/files/0bf9af12f29e39afcc09cc1bb5bac7fe0b2d349f.jpg?v=1764106594;6;;
womens-newport-h2-monochrome-faded-denim;;;;;;;;;;;;;https://cdn.shopify.com/s/files/1/0607/3263/7348/files/H2AllNonMonoPDPLifestyleWomens1_223090e4-3394-40a6-830b-0c8d637f7126.jpg?v=1767740410;7;;
womens-newport-h2-monochrome-faded-denim;;;;;;;;;;;;;https://cdn.shopify.com/s/files/1/0607/3263/7348/files/NewportH2A_PDPLifestyleImage_W_02_cde74be0-a393-4ae5-ba52-bafe667aec05.jpg?v=1767740411;8;;
womens-newport-h2-monochrome-faded-denim;;;;;;;;;;;;;https://cdn.shopify.com/s/files/1/0607/3263/7348/files/NewportH2A_PDPLifestyleImage_W_03_0029cffc-fd1a-40d7-a3ed-8594c8b454b2.jpg?v=1767740410;9;;
womens-newport-h2-monochrome-garnet;KEEN Newport H2 Monochrome/Garnet (Women's);Part water sandal, part hiker. The original hybrid sandal, 50 million adventures and counting.;KEEN;Apparel & Accessories > Shoes;Footwear;NEWPORT_H2;;;;;;;;;;
womens-newport-h2-monochrome-garnet;;;;;;;;;;;;;https://cdn.shopify.com/s/files/1/0607/3263/7348/files/00c84adeee57f49e75c44bfa5eaaaca7b9d2a15d.jpg?v=1769635924;2;;
womens-newport-h2-monochrome-garnet;;;;;;;;;;;;;https://cdn.shopify.com/s/files/1/0607/3263/7348/files/bb1627689c64f79934521c7308340344bef9f220.jpg?v=1769635924;3;;
womens-newport-h2-monochrome-garnet;;;;;;;;;;;;;https://cdn.shopify.com/s/files/1/0607/3263/7348/files/e4eec0b5de7141ee027c096f1ea168f5ebe43c3d.jpg?v=1769635924;4;;
womens-newport-h2-monochrome-garnet;;;;;;;;;;;;;https://cdn.shopify.com/s/files/1/0607/3263/7348/files/5c733f734f0ec0fc364f3a1ebdec6f6fc6336173.jpg?v=1769635924;5;;
womens-newport-h2-monochrome-garnet;;;;;;;;;;;;;https://cdn.shopify.com/s/files/1/0607/3263/7348/files/f4ba5fdc53da204f4970545b7e2bc595779529a4.jpg?v=1769635924;6;;
womens-newport-h2-monochrome-garnet;;;;;;;;;;;;;https://cdn.shopify.com/s/files/1/0607/3263/7348/files/H2AllNonMonoPDPLifestyleWomens1_44e5154a-38a5-405c-966e-f8c1b158af5b.jpg?v=1769635924;7;;
womens-newport-h2-monochrome-garnet;;;;;;;;;;;;;https://cdn.shopify.com/s/files/1/0607/3263/7348/files/NewportH2A_PDPLifestyleImage_W_02_b5684367-6ab5-45a1-9845-8f13d82b7720.jpg?v=1769635924;8;;
womens-newport-h2-monochrome-garnet;;;;;;;;;;;;;https://cdn.shopify.com/s/files/1/0607/3263/7348/files/NewportH2A_PDPLifestyleImage_W_03_4b98c829-3d5f-4f2c-ada9-acaeb45d72af.jpg?v=1769635924;9;;
womens-newport-h2-monochrome-lily-pad;KEEN Newport H2 Monochrome/Lily Pad (Women's);Part water sandal, part hiker. The original hybrid sandal, 50 million adventures and counting.;KEEN;Apparel & Accessories > Shoes;Footwear;NEWPORT_H2;;;;;;;;;;
womens-newport-h2-monochrome-lily-pad;;;;;;;;;;;;;https://cdn.shopify.com/s/files/1/0607/3263/7348/files/a0978430068c6c9596eb48f4a24969a07a45ee94.jpg?v=1769636005;2;;
womens-newport-h2-monochrome-lily-pad;;;;;;;;;;;;;https://cdn.shopify.com/s/files/1/0607/3263/7348/files/39dd69e3acdb7ae0e69ce9b86c3a1a089fb463c8.jpg?v=1769636005;3;;
womens-newport-h2-monochrome-lily-pad;;;;;;;;;;;;;https://cdn.shopify.com/s/files/1/0607/3263/7348/files/4a147f826201ffa9f3c6f954ad8c0ed8a1a1be89.jpg?v=1769636005;4;;
womens-newport-h2-monochrome-lily-pad;;;;;;;;;;;;;https://cdn.shopify.com/s/files/1/0607/3263/7348/files/47d55815625b287215ea049ee874a2234ca9d9ff.jpg?v=1769636005;5;;
womens-newport-h2-monochrome-lily-pad;;;;;;;;;;;;;https://cdn.shopify.com/s/files/1/0607/3263/7348/files/fb26bbc8512f407e00e1d16525d518596573e7aa.jpg?v=1769636005;6;;
womens-newport-h2-monochrome-lily-pad;;;;;;;;;;;;;https://cdn.shopify.com/s/files/1/0607/3263/7348/files/H2AllNonMonoPDPLifestyleWomens1_3d583d6e-040a-4370-ae8c-3caa4ade84f3.jpg?v=1769636005;7;;
womens-newport-h2-monochrome-lily-pad;;;;;;;;;;;;;https://cdn.shopify.com/s/files/1/0607/3263/7348/files/NewportH2A_PDPLifestyleImage_W_02_48459e9d-0145-4e38-bc7f-584b6c78c814.jpg?v=1769636005;8;;
womens-newport-h2-monochrome-lily-pad;;;;;;;;;;;;;https://cdn.shopify.com/s/files/1/0607/3263/7348/files/NewportH2A_PDPLifestyleImage_W_03_2d12a167-36e5-442a-9cbc-c5e32d2e61e4.jpg?v=1769636005;9;;
womens-newport-h2-navy-magnet;KEEN Newport H2 Navy/Magnet (Women's);Part water sandal, part hiker. The original hybrid sandal, 50 million adventures and counting.;KEEN;Apparel & Accessories > Shoes;Footwear;NEWPORT_H2;;;;;;;;;;
womens-newport-h2-navy-magnet;;;;;;;;;;;;;https://cdn.shopify.com/s/files/1/0607/3263/7348/files/7a5031810c94c1fbe1393798e9eb434d5dc497e8.jpg?v=1739294366;2;;
womens-newport-h2-navy-magnet;;;;;;;;;;;;;https://cdn.shopify.com/s/files/1/0607/3263/7348/files/03fc1b83be095ed7c7baddefbdd3535083a6c82d.jpg?v=1739294366;3;;
womens-newport-h2-navy-magnet;;;;;;;;;;;;;https://cdn.shopify.com/s/files/1/0607/3263/7348/files/7c2f01b6ee2fdff1b338428b6ffa60c076a58664.jpg?v=1739294366;4;;
womens-newport-h2-navy-magnet;;;;;;;;;;;;;https://cdn.shopify.com/s/files/1/0607/3263/7348/files/8ce50e1ac8fd30400b6fba12fc93d84f94f35269.jpg?v=1739294366;5;;
womens-newport-h2-navy-magnet;;;;;;;;;;;;;https://cdn.shopify.com/s/files/1/0607/3263/7348/files/dc98d5b598886f016f3e32f37de7b630bd225abb.jpg?v=1739294366;6;;
womens-newport-h2-navy-magnet;;;;;;;;;;;;;https://cdn.shopify.com/s/files/1/0607/3263/7348/files/H2AllNonMonoPDPLifestyleWomens1_2b462dd8-a103-49fb-bb0f-833808665b46.jpg?v=1767740456;7;;
womens-newport-h2-navy-magnet;;;;;;;;;;;;;https://cdn.shopify.com/s/files/1/0607/3263/7348/files/NewportH2A_PDPLifestyleImage_W_02_de595207-2edc-4251-bc4b-3db7812b9f89.jpg?v=1767740456;8;;
womens-newport-h2-navy-magnet;;;;;;;;;;;;;https://cdn.shopify.com/s/files/1/0607/3263/7348/files/NewportH2A_PDPLifestyleImage_W_03_71394410-fabb-4aef-b185-873961f86051.jpg?v=1767740456;9;;
womens-newport-h2-raya-black;KEEN Newport H2 Raya Black (Women's);Part water sandal, part hiker. The original hybrid sandal, 50 million adventures and counting.;KEEN;Apparel & Accessories > Shoes;Footwear;NEWPORT_H2;;;;;;;;;;
womens-newport-h2-raya-black;;;;;;;;;;;;;https://cdn.shopify.com/s/files/1/0607/3263/7348/files/9e5b3192c007e44142cfcbabd98e55ab09feb346.jpg?v=1745859024;2;;
womens-newport-h2-raya-black;;;;;;;;;;;;;https://cdn.shopify.com/s/files/1/0607/3263/7348/files/127a58501359e969415493c18465c609439eb4b4.jpg?v=1745859024;3;;
womens-newport-h2-raya-black;;;;;;;;;;;;;https://cdn.shopify.com/s/files/1/0607/3263/7348/files/b6ced3c462de062a659880042c24f82e11f3f154.jpg?v=1745859024;4;;
womens-newport-h2-raya-black;;;;;;;;;;;;;https://cdn.shopify.com/s/files/1/0607/3263/7348/files/5135f3a6969fca9dd7c5ad0876c70aa9b0976fcc.jpg?v=1745859024;5;;
womens-newport-h2-raya-black;;;;;;;;;;;;;https://cdn.shopify.com/s/files/1/0607/3263/7348/files/H2AllNonMonoPDPLifestyleWomens1_e6bc7bf6-ee54-4a8c-8fb5-aabaffe8e509.jpg?v=1767740842;6;;
womens-newport-h2-raya-black;;;;;;;;;;;;;https://cdn.shopify.com/s/files/1/0607/3263/7348/files/NewportH2A_PDPLifestyleImage_W_02_d556b904-06fe-4f5b-9883-406c5ce8ea94.jpg?v=1767740842;7;;
womens-newport-h2-raya-black;;;;;;;;;;;;;https://cdn.shopify.com/s/files/1/0607/3263/7348/files/NewportH2A_PDPLifestyleImage_W_03_86e3f954-c3f1-4a6a-b5b4-164b8a76e92a.jpg?v=1767740843;8;;
womens-newport-h2-triple-black;KEEN Newport H2 Triple Black (Women's);Part water sandal, part hiker. The original hybrid sandal, 50 million adventures and counting.;KEEN;Apparel & Accessories > Shoes;Footwear;NEWPORT_H2;;;;;;;;;;
womens-newport-h2-triple-black;;;;;;;;;;;;;https://cdn.shopify.com/s/files/1/0607/3263/7348/files/6753152cef1e3fbdb402df7f4872e717e257cc06.jpg?v=1739294315;2;;
womens-newport-h2-triple-black;;;;;;;;;;;;;https://cdn.shopify.com/s/files/1/0607/3263/7348/files/2baf55b6471506088b7a47658d1a6c05d9f975f3.jpg?v=1739294315;3;;
womens-newport-h2-triple-black;;;;;;;;;;;;;https://cdn.shopify.com/s/files/1/0607/3263/7348/files/11a2e78c23db2dcda023072a7bc8aa58fff55a9f.jpg?v=1739294315;4;;
womens-newport-h2-triple-black;;;;;;;;;;;;;https://cdn.shopify.com/s/files/1/0607/3263/7348/files/176f41a33ec7a1a153a5ba2fc938295d843e497a.jpg?v=1739294315;5;;
womens-newport-h2-triple-black;;;;;;;;;;;;;https://cdn.shopify.com/s/files/1/0607/3263/7348/files/7017bbb61cbdff6940f4663651815e9b53445971.jpg?v=1739294315;6;;
womens-newport-h2-triple-black;;;;;;;;;;;;;https://cdn.shopify.com/s/files/1/0607/3263/7348/files/H2AllNonMonoPDPLifestyleWomens1_21b4fceb-5630-4c20-9605-3645310a9084.jpg?v=1767740526;7;;
womens-newport-h2-triple-black;;;;;;;;;;;;;https://cdn.shopify.com/s/files/1/0607/3263/7348/files/NewportH2A_PDPLifestyleImage_W_03_43018850-5ab9-4276-bb8a-b6a22ad74a02.jpg?v=1767740526;8;;
womens-newport-h2-triple-black;;;;;;;;;;;;;https://cdn.shopify.com/s/files/1/0607/3263/7348/files/NewportH2A_PDPLifestyleImage_W_02_3f6ba7cd-7bd1-4367-a31a-5921e032525d.jpg?v=1767740526;9;;
womens-newport-h2-triple-black;;;;;;;;;;;;;https://cdn.shopify.com/s/files/1/0607/3263/7348/files/67e3f011706c2e5bdf575fd9f160e7bdf3b360d8_82651d40-1723-46b6-b5c6-c1cf024eedf7.jpg?v=1783375281;10;;
mens-roam-black-black;KEEN Roam Black/Black (Men's);Run everywhere in Roam, an adaptive trail runner for gravel, dirt, and pavement. Featuring long-lasting traction optimized for road and trail, plus responsive QuantumFoam cushioning for any terrain.;KEEN;Apparel & Accessories > Shoes;Footwear;ROAM;;;;;;;;;;
mens-roam-black-black;;;;;;;;;;;;;https://cdn.shopify.com/s/files/1/0607/3263/7348/files/07546a80fdad169f03bad75c3ec07ec902d149cb.jpg?v=1767996180;2;;
mens-roam-black-black;;;;;;;;;;;;;https://cdn.shopify.com/s/files/1/0607/3263/7348/files/33c844102727264daacad4b34ff94ce4d9f8b5ed.jpg?v=1767996180;3;;
mens-roam-black-black;;;;;;;;;;;;;https://cdn.shopify.com/s/files/1/0607/3263/7348/files/539ac6d305b045ad548eda6ba0f4124d134f9c81.jpg?v=1767996180;4;;
mens-roam-black-black;;;;;;;;;;;;;https://cdn.shopify.com/s/files/1/0607/3263/7348/files/d7696920601cc00b535431997fc41514431a55b9.jpg?v=1767996180;5;;
mens-roam-black-black;;;;;;;;;;;;;https://cdn.shopify.com/s/files/1/0607/3263/7348/files/0a444fb7cdf3dde16d6f510d4db8d0a51b5c4f21.jpg?v=1767996180;6;;
mens-roam-black-black;;;;;;;;;;;;;https://cdn.shopify.com/s/files/1/0607/3263/7348/files/S26-Seek-A_PDPUpdates1032322LIFESTYLE9_e062c830-0323-4d40-a79e-ac55b6dc6edd.jpg?v=1769147434;7;;
mens-roam-black-black;;;;;;;;;;;;;https://cdn.shopify.com/s/files/1/0607/3263/7348/files/S26-Seek-A_PDPUpdates1032008LIFESTYLE4_1_254aa3a4-ee8e-4848-b105-8a0d4b25c8a0.jpg?v=1769147554;8;;
mens-roam-black-black;;;;;;;;;;;;;https://cdn.shopify.com/s/files/1/0607/3263/7348/files/S26-Seek-A_PDPUpdates1032008LIFESTYLE5_1_1_7e827bfd-df73-44e5-9b37-ebecbca79c91.jpg?v=1769147666;9;;
mens-roam-magnet-burnt-brick;KEEN Roam Magnet/Burnt Brick (Men's);Run everywhere in Roam, an adaptive trail runner for gravel, dirt, and pavement. Featuring long-lasting traction optimized for road and trail, plus responsive QuantumFoam cushioning for any terrain.;KEEN;Apparel & Accessories > Shoes;Footwear;ROAM;;;;;;;;;;
mens-roam-magnet-burnt-brick;;;;;;;;;;;;;https://cdn.shopify.com/s/files/1/0607/3263/7348/files/9442e523205ac62756ecfee48cb09e3659b3376b.jpg?v=1758557295;2;;
mens-roam-magnet-burnt-brick;;;;;;;;;;;;;https://cdn.shopify.com/s/files/1/0607/3263/7348/files/e2be58578cdfe8e4888210b97ab20fdc16267cbc.jpg?v=1758557295;3;;
mens-roam-magnet-burnt-brick;;;;;;;;;;;;;https://cdn.shopify.com/s/files/1/0607/3263/7348/files/89f13ef01b2787987ccbcba3805ef00e3e1be587.jpg?v=1758557295;4;;
mens-roam-magnet-burnt-brick;;;;;;;;;;;;;https://cdn.shopify.com/s/files/1/0607/3263/7348/files/dce97f27e6477fcc4806a6e60f5f90d14d60e425.jpg?v=1758557295;5;;
mens-roam-magnet-burnt-brick;;;;;;;;;;;;;https://cdn.shopify.com/s/files/1/0607/3263/7348/files/53feab1b86a86953c1d9fcf3c92f13961c25ead6.jpg?v=1758557295;6;;
mens-roam-magnet-burnt-brick;;;;;;;;;;;;;https://cdn.shopify.com/s/files/1/0607/3263/7348/files/S26-Seek-A_PDPUpdates1032322LIFESTYLE9_550787f0-6d3d-4e84-a3e2-ba8037e2246f.jpg?v=1769147581;7;;
mens-roam-magnet-burnt-brick;;;;;;;;;;;;;https://cdn.shopify.com/s/files/1/0607/3263/7348/files/S26-Seek-A_PDPUpdates1032008LIFESTYLE4_1_e23c8c0e-b092-4bf9-9178-8c5b2bad6646.jpg?v=1769147581;8;;
mens-roam-magnet-burnt-brick;;;;;;;;;;;;;https://cdn.shopify.com/s/files/1/0607/3263/7348/files/S26-Seek-A_PDPUpdates1032008LIFESTYLE5_1_1_16cac914-26e9-480d-8082-3b7e7d7a2915.jpg?v=1769147581;9;;
mens-roam-star-white-vapor;KEEN Roam Star White/Vapor (Men's);Run everywhere in Roam, an adaptive trail runner for gravel, dirt, and pavement. Featuring long-lasting traction optimized for road and trail, plus responsive QuantumFoam cushioning for any terrain.;KEEN;Apparel & Accessories > Shoes;Footwear;ROAM;;;;;;;;;;
mens-roam-star-white-vapor;;;;;;;;;;;;;https://cdn.shopify.com/s/files/1/0607/3263/7348/files/76240d77860649ce8026bb7019f49cba9952b92d.jpg?v=1767996556;2;;
mens-roam-star-white-vapor;;;;;;;;;;;;;https://cdn.shopify.com/s/files/1/0607/3263/7348/files/88022e9f36f56fdfff508f69fb4cb8b781351c65.jpg?v=1767996556;3;;
mens-roam-star-white-vapor;;;;;;;;;;;;;https://cdn.shopify.com/s/files/1/0607/3263/7348/files/35bba462fe5ba2d7806473a11918e1a2cbc5aa73.jpg?v=1767996556;4;;
mens-roam-star-white-vapor;;;;;;;;;;;;;https://cdn.shopify.com/s/files/1/0607/3263/7348/files/f87f68ca4d9c722452221487ad5730097541e1a5.jpg?v=1767996556;5;;
mens-roam-star-white-vapor;;;;;;;;;;;;;https://cdn.shopify.com/s/files/1/0607/3263/7348/files/fdf255484f13db45051296ebe3862ede57df3d1b.jpg?v=1767996556;6;;
mens-roam-star-white-vapor;;;;;;;;;;;;;https://cdn.shopify.com/s/files/1/0607/3263/7348/files/S26-Seek-A_PDPUpdates1032322LIFESTYLE9_55de6147-decd-423b-ab9a-de4f2f7bc74d.jpg?v=1769147633;7;;
mens-roam-star-white-vapor;;;;;;;;;;;;;https://cdn.shopify.com/s/files/1/0607/3263/7348/files/S26-Seek-A_PDPUpdates1032008LIFESTYLE4_1_3b4fc3a0-1a30-4824-9222-1403c9665a9e.jpg?v=1769147633;8;;
mens-roam-star-white-vapor;;;;;;;;;;;;;https://cdn.shopify.com/s/files/1/0607/3263/7348/files/S26-Seek-A_PDPUpdates1032008LIFESTYLE5_1_1_0bbc2122-fe0a-4eec-9465-009d43c497bb.jpg?v=1769147633;9;;
womens-roam-birch-brindle;KEEN Roam Birch/Brindle (Women's);Run everywhere in Roam, an adaptive trail runner for gravel, dirt, and pavement. Featuring long-lasting traction optimized for road and trail, plus responsive QuantumFoam cushioning for any terrain.;KEEN;Apparel & Accessories > Shoes;Footwear;ROAM;;;;;;;;;;
womens-roam-birch-brindle;;;;;;;;;;;;;https://cdn.shopify.com/s/files/1/0607/3263/7348/files/bb01716cea9ffc60b2aaa6ed9c7194b58ff09851.jpg?v=1768001169;2;;
womens-roam-birch-brindle;;;;;;;;;;;;;https://cdn.shopify.com/s/files/1/0607/3263/7348/files/e4fb549b4288df5bca4a7fb60396697493f4ce50.jpg?v=1768001169;3;;
womens-roam-birch-brindle;;;;;;;;;;;;;https://cdn.shopify.com/s/files/1/0607/3263/7348/files/a52433ba9d6672bc87e2acf9e2c908455b30b6e0.jpg?v=1768001169;4;;
womens-roam-birch-brindle;;;;;;;;;;;;;https://cdn.shopify.com/s/files/1/0607/3263/7348/files/16b8fb9f12b18dfb773f6cf2941050aa15d98d2d.jpg?v=1768001169;5;;
womens-roam-birch-brindle;;;;;;;;;;;;;https://cdn.shopify.com/s/files/1/0607/3263/7348/files/5b5087c7f9142159f3d07de9c32b72fb0455703d.jpg?v=1768001169;6;;
womens-roam-birch-brindle;;;;;;;;;;;;;https://cdn.shopify.com/s/files/1/0607/3263/7348/files/S26-Seek-A_PDPUpdates1032350LIFESTYLE9.jpg?v=1769146900;7;;
womens-roam-birch-brindle;;;;;;;;;;;;;https://cdn.shopify.com/s/files/1/0607/3263/7348/files/S26-Seek-A_PDPUpdates1032350LIFESTYLE7.jpg?v=1769146900;8;;
womens-roam-birch-brindle;;;;;;;;;;;;;https://cdn.shopify.com/s/files/1/0607/3263/7348/files/S26-Seek-A_PDPUpdates1032350LIFESTYLE8.jpg?v=1769146900;9;;
womens-roam-black-black;KEEN Roam Black/Black (Women's);Run everywhere in Roam, an adaptive trail runner for gravel, dirt, and pavement. Featuring long-lasting traction optimized for road and trail, plus responsive QuantumFoam cushioning for any terrain.;KEEN;Apparel & Accessories > Shoes;Footwear;ROAM;;;;;;;;;;
womens-roam-black-black;;;;;;;;;;;;;https://cdn.shopify.com/s/files/1/0607/3263/7348/files/fd03cab3dcd0e117f77f01c4a2958c553bff91c1.jpg?v=1767996940;2;;
womens-roam-black-black;;;;;;;;;;;;;https://cdn.shopify.com/s/files/1/0607/3263/7348/files/d9fe0c3ee0d29a452634cb2631af20e3b74a48d5.jpg?v=1767996940;3;;
womens-roam-black-black;;;;;;;;;;;;;https://cdn.shopify.com/s/files/1/0607/3263/7348/files/c4461304e1666d5999858bf39851365ecd0f67b1.jpg?v=1767996940;4;;
womens-roam-black-black;;;;;;;;;;;;;https://cdn.shopify.com/s/files/1/0607/3263/7348/files/dcf05ab12ef660c79f9b15f6d2075323b38849a8.jpg?v=1767996940;5;;
womens-roam-black-black;;;;;;;;;;;;;https://cdn.shopify.com/s/files/1/0607/3263/7348/files/0f6993e106af369ecedeaab84104e0d86d158052.jpg?v=1767996940;6;;
womens-roam-black-black;;;;;;;;;;;;;https://cdn.shopify.com/s/files/1/0607/3263/7348/files/KPD-5146_EnhancedPDP_Roam_Womens_1032334_Image_1_Top_d17c43b5-2e9b-49d8-a836-42a35fa8f288.jpg?v=1767996940;7;;
womens-roam-black-black;;;;;;;;;;;;;https://cdn.shopify.com/s/files/1/0607/3263/7348/files/KPD-5146_EnhancedPDP_Roam_Womens_1032334_Image_2_Left_733353fe-78c2-48a5-905f-c68c79942365.jpg?v=1767996940;8;;
womens-roam-black-black;;;;;;;;;;;;;https://cdn.shopify.com/s/files/1/0607/3263/7348/files/KPD-5146_EnhancedPDP_Roam_Womens_1032334_Image_3_Right_b0cfed79-01ed-400f-b1c8-36b5a6a42aa9.jpg?v=1767996940;9;;
womens-rose-sandal-black-neutral-gray;KEEN Rose Sandal Black/Neutral Gray (Women's);The adventure sandal you can wear with a dress. Feels great all day, looks great transitioning to evening plans. The one sandal to pack!;KEEN;Apparel & Accessories > Shoes;Footwear;ROSE_SANDAL;;;;;;;;;;
womens-rose-sandal-black-neutral-gray;;;;;;;;;;;;;https://cdn.shopify.com/s/files/1/0607/3263/7348/files/78ca325b54f8a18ddda0e8c8701a4aaaf8e520d5.jpg?v=1739296246;2;;
womens-rose-sandal-black-neutral-gray;;;;;;;;;;;;;https://cdn.shopify.com/s/files/1/0607/3263/7348/files/99b9be9b8fe89aa9088b0597396b0c8d833681a3.jpg?v=1739296246;3;;
womens-rose-sandal-black-neutral-gray;;;;;;;;;;;;;https://cdn.shopify.com/s/files/1/0607/3263/7348/files/9bb5011cef1b40ca56a7d31d35a2b89ca566db93.jpg?v=1739296246;4;;
womens-rose-sandal-black-neutral-gray;;;;;;;;;;;;;https://cdn.shopify.com/s/files/1/0607/3263/7348/files/1c99253bbba3fdf554a227635cddd9888c6257c2.jpg?v=1739296246;5;;
womens-rose-sandal-black-neutral-gray;;;;;;;;;;;;;https://cdn.shopify.com/s/files/1/0607/3263/7348/files/ffc748da00ff4a8b9cffc9ce7b75ae059eac6d6f.jpg?v=1739296246;6;;
womens-rose-sandal-black-neutral-gray;;;;;;;;;;;;;https://cdn.shopify.com/s/files/1/0607/3263/7348/files/KPD-1486_SS24_KEEN_1016733_W_Rose_Top_Image.jpg?v=1739296246;7;;
womens-rose-sandal-black-neutral-gray;;;;;;;;;;;;;https://cdn.shopify.com/s/files/1/0607/3263/7348/files/KPD-1486_SS24_KEEN_1016729_W_Rose_Left_Image.jpg?v=1739296246;8;;
womens-rose-sandal-black-neutral-gray;;;;;;;;;;;;;https://cdn.shopify.com/s/files/1/0607/3263/7348/files/KPD-1486_SS24_KEEN_1008783_W_Rose_Right_Image.jpg?v=1739296246;9;;
womens-rose-sandal-brindle-shitake;KEEN Rose Sandal Brindle/Shitake (Women's);"The adventure sandal you can wear with a dress. Feels great all day, looks great transitioning to evening plans. The one sandal to pack! (Nota: KEEN titula este color como ""Brindle/Shiitake"")";KEEN;Apparel & Accessories > Shoes;Footwear;ROSE_SANDAL;;;;;;;;;;
womens-rose-sandal-brindle-shitake;;;;;;;;;;;;;https://cdn.shopify.com/s/files/1/0607/3263/7348/files/214e0e81f79136d570d566caa6f72cc75cc4e4f2.jpg?v=1770658367;2;;
womens-rose-sandal-brindle-shitake;;;;;;;;;;;;;https://cdn.shopify.com/s/files/1/0607/3263/7348/files/4adc047796d462c80996ab0436b9ab177e2455b0.jpg?v=1770658367;3;;
womens-rose-sandal-brindle-shitake;;;;;;;;;;;;;https://cdn.shopify.com/s/files/1/0607/3263/7348/files/071787f110bbb4674eec6ee93f7b4096babefb83.jpg?v=1770658367;4;;
womens-rose-sandal-brindle-shitake;;;;;;;;;;;;;https://cdn.shopify.com/s/files/1/0607/3263/7348/products/e686138662e99db499b0623846335068b12d3444.jpg?v=1770658367;5;;
womens-rose-sandal-brindle-shitake;;;;;;;;;;;;;https://cdn.shopify.com/s/files/1/0607/3263/7348/files/d72d5f46b8a0189f3d399bd20a6a8d16e6e385d7.jpg?v=1770658367;6;;
womens-rose-sandal-brindle-shitake;;;;;;;;;;;;;https://cdn.shopify.com/s/files/1/0607/3263/7348/files/KPD-1486_SS24_KEEN_1016733_W_Rose_Top_Image_1b1059a6-3f09-4e86-95f6-485d59eda1b2.jpg?v=1770658367;7;;
womens-rose-sandal-brindle-shitake;;;;;;;;;;;;;https://cdn.shopify.com/s/files/1/0607/3263/7348/files/KPD-1486_SS24_KEEN_1016729_W_Rose_Left_Image_a09bbc08-1424-46e9-a807-be456fef6767.jpg?v=1770658367;8;;
womens-rose-sandal-brindle-shitake;;;;;;;;;;;;;https://cdn.shopify.com/s/files/1/0607/3263/7348/files/KPD-1486_SS24_KEEN_1008783_W_Rose_Right_Image_ede1966c-112c-4406-b964-f4f6693ab3d0.jpg?v=1770658367;9;;
womens-shanti-black-dawn-blue;KEEN Shanti Black/Dawn Blue (Women's);Apres boldly in this lightweight slip-on clog. With a textured footbed that lightly massages post-adventure feet.;KEEN;Apparel & Accessories > Shoes;Footwear;SHANTI;;;;;;;;;;
womens-shanti-black-dawn-blue;;;;;;;;;;;;;https://cdn.shopify.com/s/files/1/0607/3263/7348/files/01dd50396e683621445c09e0f3bd294f0457e2a4.jpg?v=1733855736;2;;
womens-shanti-black-dawn-blue;;;;;;;;;;;;;https://cdn.shopify.com/s/files/1/0607/3263/7348/files/459513b78e10b7cd4e1cc800597b235aaaf8906c.jpg?v=1733855736;3;;
womens-shanti-black-dawn-blue;;;;;;;;;;;;;https://cdn.shopify.com/s/files/1/0607/3263/7348/files/c885a2066d11f86aaa3cead001d0adfbe9a80a6c.jpg?v=1733855736;4;;
womens-shanti-black-dawn-blue;;;;;;;;;;;;;https://cdn.shopify.com/s/files/1/0607/3263/7348/files/8da8d3ac7a2f1336e07028fb2866589d2780af65_8f0e713a-ce94-44d3-99f8-2d3447fe90e6.jpg?v=1733855736;5;;
womens-shanti-black-dawn-blue;;;;;;;;;;;;;https://cdn.shopify.com/s/files/1/0607/3263/7348/files/295ade55e0c8cf271742b46578b781e45fa876f9.jpg?v=1733855736;6;;
womens-shanti-black-dawn-blue;;;;;;;;;;;;;https://cdn.shopify.com/s/files/1/0607/3263/7348/files/WShantiLifestylePDPDoublewide_08f2a38b-9b0c-4914-b8af-9c2b7143c2f8.jpg?v=1733855736;7;;
womens-shanti-plaza-taupe-timberwolf;KEEN Shanti Plaza Taupe/Timberwolf (Women's);Apres boldly in this lightweight slip-on clog. With a textured footbed that lightly massages post-adventure feet.;KEEN;Apparel & Accessories > Shoes;Footwear;SHANTI;;;;;;;;;;
womens-shanti-plaza-taupe-timberwolf;;;;;;;;;;;;;https://cdn.shopify.com/s/files/1/0607/3263/7348/files/3dbec7234693293104ac6014ea38cc39338095de.jpg?v=1758737073;2;;
womens-shanti-plaza-taupe-timberwolf;;;;;;;;;;;;;https://cdn.shopify.com/s/files/1/0607/3263/7348/files/2a0e17d3a4e436eb318e4d4f46dab706cee4b6d7.jpg?v=1758737073;3;;
womens-shanti-plaza-taupe-timberwolf;;;;;;;;;;;;;https://cdn.shopify.com/s/files/1/0607/3263/7348/files/1438d26922b702fe0b19f00db4eca591aa85a515.jpg?v=1758737073;4;;
womens-shanti-plaza-taupe-timberwolf;;;;;;;;;;;;;https://cdn.shopify.com/s/files/1/0607/3263/7348/files/ac1245ccb63571476514c574e38c497186d47d84_99f4ee2a-8ca5-4c0e-9b1e-ea1bdc7bc808.jpg?v=1758737073;5;;
womens-shanti-plaza-taupe-timberwolf;;;;;;;;;;;;;https://cdn.shopify.com/s/files/1/0607/3263/7348/files/584a632a1bafa760d278b0a42fb16d86adffe977.jpg?v=1758737073;6;;
womens-shanti-plaza-taupe-timberwolf;;;;;;;;;;;;;https://cdn.shopify.com/s/files/1/0607/3263/7348/files/WShantiLifestylePDPDoublewide_ad7085dc-6264-48e1-a78c-45315a2122cf.jpg?v=1758737073;7;;
womens-shanti-plaza-taupe-timberwolf;;;;;;;;;;;;;https://cdn.shopify.com/s/files/1/0607/3263/7348/files/c06caeff882f0218ddb0db19be7dfa54668fe927_f6eeabf5-a9e5-4a57-9e82-16474aa1b703.jpg?v=1783375538;8;;
womens-targhee-iv-waterproof-alloy-granite-green;KEEN Targhee Iv Wp Alloy/Granite Green (Women's);The last hiking shoe you'll buy. Our most durable Targhee yet, now with a glue-free, fused construction that won't delaminate (we guarantee it), plus cushioning that resists compression.;KEEN;Apparel & Accessories > Shoes;Footwear;TARGHEE_IV_WP;;;;;;;;;;
womens-targhee-iv-waterproof-alloy-granite-green;;;;;;;;;;;;;https://cdn.shopify.com/s/files/1/0607/3263/7348/files/31b20604b4e7f534aab8f5da3cb5896492b71e49.jpg?v=1782484397;2;;
womens-targhee-iv-waterproof-alloy-granite-green;;;;;;;;;;;;;https://cdn.shopify.com/s/files/1/0607/3263/7348/files/2cd74d209c2669f45c55f0f818e1261a26091c94.jpg?v=1782484397;3;;
womens-targhee-iv-waterproof-alloy-granite-green;;;;;;;;;;;;;https://cdn.shopify.com/s/files/1/0607/3263/7348/files/ca665d1e96090d40681fc53d8d6fa8ee4ee28ab5.jpg?v=1782484469;4;;
womens-targhee-iv-waterproof-alloy-granite-green;;;;;;;;;;;;;https://cdn.shopify.com/s/files/1/0607/3263/7348/files/17b97945811ec21690442cd3a35247c4932356f9.jpg?v=1782484470;5;;
womens-targhee-iv-waterproof-alloy-granite-green;;;;;;;;;;;;;https://cdn.shopify.com/s/files/1/0607/3263/7348/files/a52706067e6a1da63a51a1ff6a299e5352e797d0.jpg?v=1770138315;6;;
womens-targhee-iv-waterproof-alloy-granite-green;;;;;;;;;;;;;https://cdn.shopify.com/s/files/1/0607/3263/7348/files/TargheeIVHikingShoe1W.jpg?v=1770138315;7;;
womens-targhee-iv-waterproof-alloy-granite-green;;;;;;;;;;;;;https://cdn.shopify.com/s/files/1/0607/3263/7348/files/KPD-7791_S26USTargheeEXP_II_IVA_PDP-AddadditionallifestylefromJapan_ChinaLIFESTYLE12_aa2caa96-e199-473b-a62a-ee3f8e98de27.jpg?v=1774541767;8;;
womens-targhee-iv-waterproof-alloy-granite-green;;;;;;;;;;;;;https://cdn.shopify.com/s/files/1/0607/3263/7348/files/KPD-7791_S26USTargheeEXP_II_IVA_PDP-AddadditionallifestylefromJapan_ChinaLIFESTYLE10_f4c87367-09a1-462c-ad87-51ccebdb9e6b.jpg?v=1774541767;9;;
womens-targhee-iv-waterproof-brindle-nostalgia-rose;KEEN Targhee Iv Wp Brindle/Nostalgia Rose (Women's);The last hiking shoe you'll buy. Our most durable Targhee yet, now with a glue-free, fused construction that won't delaminate (we guarantee it), plus cushioning that resists compression.;KEEN;Apparel & Accessories > Shoes;Footwear;TARGHEE_IV_WP;;;;;;;;;;
womens-targhee-iv-waterproof-brindle-nostalgia-rose;;;;;;;;;;;;;https://cdn.shopify.com/s/files/1/0607/3263/7348/files/63e6438b1f76d1fca49ccb453e62ca808bce4f3c.jpg?v=1757087192;2;;
womens-targhee-iv-waterproof-brindle-nostalgia-rose;;;;;;;;;;;;;https://cdn.shopify.com/s/files/1/0607/3263/7348/files/21bcd7ee96685c55e6f2df81c763a87d11ecd477.jpg?v=1757087192;3;;
womens-targhee-iv-waterproof-brindle-nostalgia-rose;;;;;;;;;;;;;https://cdn.shopify.com/s/files/1/0607/3263/7348/files/9ed5f0f1ecc76f3cb96e9e92ef5f7915d8388270.jpg?v=1757087192;4;;
womens-targhee-iv-waterproof-brindle-nostalgia-rose;;;;;;;;;;;;;https://cdn.shopify.com/s/files/1/0607/3263/7348/files/1d3c56fedd74be2d6a7ca27be822913e154ab995.jpg?v=1757087192;5;;
womens-targhee-iv-waterproof-brindle-nostalgia-rose;;;;;;;;;;;;;https://cdn.shopify.com/s/files/1/0607/3263/7348/files/10497029f140baba0985dcbf8b5bc6cfd5092b84.jpg?v=1757087192;6;;
womens-targhee-iv-waterproof-brindle-nostalgia-rose;;;;;;;;;;;;;https://cdn.shopify.com/s/files/1/0607/3263/7348/files/TargheeIVHikingShoe1W_6f8256cd-2d15-4b8b-ba1f-d1bd44f8125c.jpg?v=1757087192;7;;
womens-targhee-iv-waterproof-brindle-nostalgia-rose;;;;;;;;;;;;;https://cdn.shopify.com/s/files/1/0607/3263/7348/files/TargheeIVHikingShoe2W_7af20715-af7e-4b73-a24c-d110b9586885.jpg?v=1757087192;8;;
womens-targhee-iv-waterproof-brindle-nostalgia-rose;;;;;;;;;;;;;https://cdn.shopify.com/s/files/1/0607/3263/7348/files/TargheeIVHikingShoe3W_f2d9bc7e-8153-4bb9-afec-ba0190090c47.jpg?v=1757087192;9;;
mens-uneek-monochrome-black-black;KEEN Uneek Black/Black (Men's);Two cords and a sole. UNEEK adapts to your feet for the perfect fit, with free-moving cords that provide freedom of movement, security, and structure.;KEEN;Apparel & Accessories > Shoes;Footwear;UNEEK;;;;;;;;;;
mens-uneek-monochrome-black-black;;;;;;;;;;;;;https://cdn.shopify.com/s/files/1/0607/3263/7348/files/7a9d2786c5884d166047d3e81a8fdfaf693a4175.jpg?v=1770658159;2;;
mens-uneek-monochrome-black-black;;;;;;;;;;;;;https://cdn.shopify.com/s/files/1/0607/3263/7348/files/4e232bf96ef7c0145001a08919bccf1d2633e955.jpg?v=1770658159;3;;
mens-uneek-monochrome-black-black;;;;;;;;;;;;;https://cdn.shopify.com/s/files/1/0607/3263/7348/files/1c57b181dab8ecd0854cd4958255b1a321f8ef71.jpg?v=1770658159;4;;
mens-uneek-monochrome-black-black;;;;;;;;;;;;;https://cdn.shopify.com/s/files/1/0607/3263/7348/files/7159d70f3d21ee8186206d9db4b4a44081e987a3.jpg?v=1770658159;5;;
mens-uneek-monochrome-black-black;;;;;;;;;;;;;https://cdn.shopify.com/s/files/1/0607/3263/7348/files/91fdf94490e822a029af24b14fe066a8ebc09321.jpg?v=1770658159;6;;
mens-uneek-monochrome-black-black;;;;;;;;;;;;;https://cdn.shopify.com/s/files/1/0607/3263/7348/files/884x884_1_24_update_zenshin_m_uneek_pdp_2.jpg?v=1770658159;7;;
mens-uneek-monochrome-black-black;;;;;;;;;;;;;https://cdn.shopify.com/s/files/1/0607/3263/7348/files/884x884_1_24_update_zenshin_m_uneek_pdp_1.jpg?v=1770658159;8;;
mens-uneek-timberwolf-plaza-taupe;KEEN Uneek Timberwolf/Plaza Taupe (Men's);Two cords and a sole. UNEEK adapts to your feet for the perfect fit, with free-moving cords that provide freedom of movement, security, and structure.;KEEN;Apparel & Accessories > Shoes;Footwear;UNEEK;;;;;;;;;;
mens-uneek-timberwolf-plaza-taupe;;;;;;;;;;;;;https://cdn.shopify.com/s/files/1/0607/3263/7348/files/e9b935274dfff28974acb2b2f995d1aa159c6719.jpg?v=1770658571;2;;
mens-uneek-timberwolf-plaza-taupe;;;;;;;;;;;;;https://cdn.shopify.com/s/files/1/0607/3263/7348/files/212099ead65ce664759d489e5fd1dff0df3bb219.jpg?v=1770658571;3;;
mens-uneek-timberwolf-plaza-taupe;;;;;;;;;;;;;https://cdn.shopify.com/s/files/1/0607/3263/7348/files/6f4e36f8519fe614fbbd8e19b0dafd4332401a7a.jpg?v=1770658571;4;;
mens-uneek-timberwolf-plaza-taupe;;;;;;;;;;;;;https://cdn.shopify.com/s/files/1/0607/3263/7348/files/e71869ca7b5cd56a96f6df06e94835cfcb5ae776.jpg?v=1770658571;5;;
mens-uneek-timberwolf-plaza-taupe;;;;;;;;;;;;;https://cdn.shopify.com/s/files/1/0607/3263/7348/files/6aaf28dc16ed8e18e803807df8ef57e984061eef.jpg?v=1770658571;6;;
mens-uneek-timberwolf-plaza-taupe;;;;;;;;;;;;;https://cdn.shopify.com/s/files/1/0607/3263/7348/files/884x884_pdp_mkp_m_uneek_og_9.jpg?v=1770658571;7;;
mens-uneek-timberwolf-plaza-taupe;;;;;;;;;;;;;https://cdn.shopify.com/s/files/1/0607/3263/7348/files/337A2827.jpg?v=1770658571;8;;
mens-uneek-white-cap-cornstalk;KEEN Uneek White Cap/Cornstalk (Men's);Two cords and a sole. UNEEK adapts to your feet for the perfect fit, with free-moving cords that provide freedom of movement, security, and structure.;KEEN;Apparel & Accessories > Shoes;Footwear;UNEEK;;;;;;;;;;
mens-uneek-white-cap-cornstalk;;;;;;;;;;;;;https://cdn.shopify.com/s/files/1/0607/3263/7348/files/5be9a5c557529f5fe10fa6116917c4308d45017f.jpg?v=1770659834;2;;
mens-uneek-white-cap-cornstalk;;;;;;;;;;;;;https://cdn.shopify.com/s/files/1/0607/3263/7348/files/90153641712b4fe0c7f8cb6c8a6333ff5e8ffaed.jpg?v=1770659834;3;;
mens-uneek-white-cap-cornstalk;;;;;;;;;;;;;https://cdn.shopify.com/s/files/1/0607/3263/7348/files/0a57a8090d9182e954d2f342b2705db57de905f1.jpg?v=1770659834;4;;
mens-uneek-white-cap-cornstalk;;;;;;;;;;;;;https://cdn.shopify.com/s/files/1/0607/3263/7348/files/e17915eebb4ffa95d70c99cf59c1213d19d72d47.jpg?v=1770659834;5;;
mens-uneek-white-cap-cornstalk;;;;;;;;;;;;;https://cdn.shopify.com/s/files/1/0607/3263/7348/files/3a2e85b995e52742265439ee75a3a213683d9868.jpg?v=1770659834;6;;
mens-uneek-white-cap-cornstalk;;;;;;;;;;;;;https://cdn.shopify.com/s/files/1/0607/3263/7348/files/884x884_1_24_update_zenshin_m_uneek_pdp_3.jpg?v=1770659834;7;;
mens-uneek-white-cap-cornstalk;;;;;;;;;;;;;https://cdn.shopify.com/s/files/1/0607/3263/7348/files/884x884_1_24_update_m_uneek_white_pdp_1.jpg?v=1770659834;8;;
womens-uneek-monochrome-black-black;KEEN Uneek Black/Black (Women's);Two cords and a sole. UNEEK adapts to your feet for the perfect fit, with free-moving cords that provide freedom of movement, security, and structure.;KEEN;Apparel & Accessories > Shoes;Footwear;UNEEK;;;;;;;;;;
womens-uneek-monochrome-black-black;;;;;;;;;;;;;https://cdn.shopify.com/s/files/1/0607/3263/7348/files/ed2e219eef201b951ccd2bd34aaecd24f8ba931f.jpg?v=1770658209;2;;
womens-uneek-monochrome-black-black;;;;;;;;;;;;;https://cdn.shopify.com/s/files/1/0607/3263/7348/files/7dcf68142d4b552822c8073c85939747a8bd73f9.jpg?v=1770658209;3;;
womens-uneek-monochrome-black-black;;;;;;;;;;;;;https://cdn.shopify.com/s/files/1/0607/3263/7348/files/4f58f57446f4e0ecebfe11df8dff5638e181b597.jpg?v=1770658209;4;;
womens-uneek-monochrome-black-black;;;;;;;;;;;;;https://cdn.shopify.com/s/files/1/0607/3263/7348/files/69aad3283aabc8c2ec569f5afc6e1e04e4b56feb_3a129736-888d-4fb5-a84f-9e7faeb6a37b.jpg?v=1770658209;5;;
womens-uneek-monochrome-black-black;;;;;;;;;;;;;https://cdn.shopify.com/s/files/1/0607/3263/7348/files/d406034f797bfc01087312dca859aa4e73f7ce9c.jpg?v=1770658209;6;;
womens-uneek-monochrome-black-black;;;;;;;;;;;;;https://cdn.shopify.com/s/files/1/0607/3263/7348/files/UNEEKPDPLifestyle1Womens.jpg?v=1770658209;7;;
womens-uneek-monochrome-black-black;;;;;;;;;;;;;https://cdn.shopify.com/s/files/1/0607/3263/7348/files/884x884_pdp_mkp_w_uneek_og_1.jpg?v=1770658209;8;;
womens-uneek-monochrome-black-black;;;;;;;;;;;;;https://cdn.shopify.com/s/files/1/0607/3263/7348/files/884x884_pdp_mkp_w_uneek_og_2.jpg?v=1770658209;9;;
womens-uneek-safari-safari;KEEN Uneek Safari/Safari (Women's);Two cords and a sole. UNEEK adapts to your feet for the perfect fit, with free-moving cords that provide freedom of movement, security, and structure.;KEEN;Apparel & Accessories > Shoes;Footwear;UNEEK;;;;;;;;;;
womens-uneek-safari-safari;;;;;;;;;;;;;https://cdn.shopify.com/s/files/1/0607/3263/7348/files/ea4c37ac72fd94e09735b85f055ca897d7b4c7b6.jpg?v=1770659792;2;;
womens-uneek-safari-safari;;;;;;;;;;;;;https://cdn.shopify.com/s/files/1/0607/3263/7348/files/c66d86a01b11e48c19cc6102265c783feac39040.jpg?v=1770659792;3;;
womens-uneek-safari-safari;;;;;;;;;;;;;https://cdn.shopify.com/s/files/1/0607/3263/7348/files/ab11a9b80e91dc9c68705e9f9e4874fb55f6484b.jpg?v=1770659792;4;;
womens-uneek-safari-safari;;;;;;;;;;;;;https://cdn.shopify.com/s/files/1/0607/3263/7348/files/e7ffc71853b14a180f4fa2b15785efefc99ae4b8.jpg?v=1770659792;5;;
womens-uneek-safari-safari;;;;;;;;;;;;;https://cdn.shopify.com/s/files/1/0607/3263/7348/files/4571eeead939a1d332715b3d2f03e1591c86ce27.jpg?v=1770659792;6;;
womens-uneek-safari-safari;;;;;;;;;;;;;https://cdn.shopify.com/s/files/1/0607/3263/7348/files/UNEEKPDPLifestyle1Womens_38e88c7b-c210-4e01-b285-171ee4073c71_1.jpg?v=1770659792;7;;
womens-uneek-safari-safari;;;;;;;;;;;;;https://cdn.shopify.com/s/files/1/0607/3263/7348/files/1027445_mkp.jpg?v=1770659792;8;;
womens-uneek-safari-safari;;;;;;;;;;;;;https://cdn.shopify.com/s/files/1/0607/3263/7348/files/884x884_pdp_mkp_w_uneek_og_3.jpg?v=1770659792;9;;
womens-wander-birch-star-white;KEEN Wander Birch/Star White (Women's);Stay grounded in Wander, our agile trail runner with lower-profile cushioning plus a rock plate for stability and a closer-to-trail feel. Featuring a compression-resistant KEEN.ReGENX midsole enhanced with EcoEnd to biodegrade at end-of-life.;KEEN;Apparel & Accessories > Shoes;Footwear;WANDER;;;;;;;;;;
womens-wander-birch-star-white;;;;;;;;;;;;;https://cdn.shopify.com/s/files/1/0607/3263/7348/files/52eeb7c2ad99f32c72db49f821cfe2b1ec624b9d.jpg?v=1779122962;2;;
womens-wander-birch-star-white;;;;;;;;;;;;;https://cdn.shopify.com/s/files/1/0607/3263/7348/files/060874999250bf4a560e4b34002230cb17443d2e.jpg?v=1779122962;3;;
womens-wander-birch-star-white;;;;;;;;;;;;;https://cdn.shopify.com/s/files/1/0607/3263/7348/files/e14b863cb9a2d8634556b62dd1f73105be8c3af2.jpg?v=1779122963;4;;
womens-wander-birch-star-white;;;;;;;;;;;;;https://cdn.shopify.com/s/files/1/0607/3263/7348/files/c4a33f79914737e589d6da5dcdd5fe17c28aa0fe.jpg?v=1779122962;5;;
womens-wander-birch-star-white;;;;;;;;;;;;;https://cdn.shopify.com/s/files/1/0607/3263/7348/files/10d96b31253030e508eae5f680e382e8a127b136.jpg?v=1779122962;6;;
womens-wander-birch-star-white;;;;;;;;;;;;;https://cdn.shopify.com/s/files/1/0607/3263/7348/files/KPD-7059_WOMENSWANDERLIFESTYLE01_e40fb7d2-d14c-4cb3-82b2-f76135755fcf.jpg?v=1779217054;7;;
womens-wander-birch-star-white;;;;;;;;;;;;;https://cdn.shopify.com/s/files/1/0607/3263/7348/files/KPD-7059_WOMENSWANDERLIFESTYLE02_8baa6b24-be92-497b-8f85-7db591ab83fc.jpg?v=1779217054;8;;
womens-wander-birch-star-white;;;;;;;;;;;;;https://cdn.shopify.com/s/files/1/0607/3263/7348/files/KPD-7059_WOMENSWANDERLIFESTYLE03_5beb8875-702a-4ae0-9b81-38b8cb8fe909.jpg?v=1779217053;9;;
womens-wander-birch-star-white;;;;;;;;;;;;;https://cdn.shopify.com/s/files/1/0607/3263/7348/files/KPD-7059_S26CollabA_Content-WanderLIFESTYLE_alt04.jpg?v=1779466293;10;;
womens-whisper-smoke-blue;KEEN Whisper Smoke Blue (Women's);Walk anywhere in this lightweight, trail- and water-ready sandal. Lighter and more streamlined than our original hybrid with thinner webbing.;KEEN;Apparel & Accessories > Shoes;Footwear;WHISPER;;;;;;;;;;
womens-whisper-smoke-blue;;;;;;;;;;;;;https://cdn.shopify.com/s/files/1/0607/3263/7348/files/d92a20bb7533baec677dd21e4d3328fc78cb77f6.jpg?v=1752522607;2;;
womens-whisper-smoke-blue;;;;;;;;;;;;;https://cdn.shopify.com/s/files/1/0607/3263/7348/files/a48dbd47e2964aa8137262503e5e34374016176b.jpg?v=1752522607;3;;
womens-whisper-smoke-blue;;;;;;;;;;;;;https://cdn.shopify.com/s/files/1/0607/3263/7348/files/91b82eff73364452a0d9cdf6da465c9cb4c306df.jpg?v=1752522607;4;;
womens-whisper-smoke-blue;;;;;;;;;;;;;https://cdn.shopify.com/s/files/1/0607/3263/7348/files/7c02ba986cde27341b61d022e064b3414732fb25.jpg?v=1752522607;5;;
womens-whisper-smoke-blue;;;;;;;;;;;;;https://cdn.shopify.com/s/files/1/0607/3263/7348/files/846cd3f727f0285cd7603dc090bb521d4f316c68.jpg?v=1752522607;6;;
womens-whisper-smoke-blue;;;;;;;;;;;;;https://cdn.shopify.com/s/files/1/0607/3263/7348/products/WhisperLifestylePDPDoublewide_c9fc70bd-2c28-4e85-b710-9eaa6e112ecb.jpg?v=1752522607;7;;
womens-whisper-smoke-blue;;;;;;;;;;;;;https://cdn.shopify.com/s/files/1/0607/3263/7348/files/KPD-1487_SS24_KEEN_1028816_W_Whisper_Image_Left_b36b9fa7-72db-4252-a950-5b742f15502e.jpg?v=1752522607;8;;
womens-whisper-smoke-blue;;;;;;;;;;;;;https://cdn.shopify.com/s/files/1/0607/3263/7348/files/KPD-1487_SS24_KEEN_1022809_W_Whisper_Image_Right_ea34ffea-f6d4-49d5-98cb-cb449c436620.jpg?v=1752522607;9;;
womens-whisper-taupe-coral;KEEN Whisper Taupe/Coral (Women's);Walk anywhere in this lightweight, trail- and water-ready sandal. Lighter and more streamlined than our original hybrid with thinner webbing.;KEEN;Apparel & Accessories > Shoes;Footwear;WHISPER;;;;;;;;;;
womens-whisper-taupe-coral;;;;;;;;;;;;;https://cdn.shopify.com/s/files/1/0607/3263/7348/files/0675a7bce7e644cefa268962f78f211fc7005409.jpg?v=1752522694;2;;
womens-whisper-taupe-coral;;;;;;;;;;;;;https://cdn.shopify.com/s/files/1/0607/3263/7348/files/cef42d8c9ca16a74acc259245b416e40fd609dbe.jpg?v=1752522694;3;;
womens-whisper-taupe-coral;;;;;;;;;;;;;https://cdn.shopify.com/s/files/1/0607/3263/7348/files/731f8bf5f0bd9f33d587668ec8732fe0203b4e4e.jpg?v=1752522694;4;;
womens-whisper-taupe-coral;;;;;;;;;;;;;https://cdn.shopify.com/s/files/1/0607/3263/7348/files/7d7bdf82af4059b4f152d18e42376e3da4205fdf.jpg?v=1752522694;5;;
womens-whisper-taupe-coral;;;;;;;;;;;;;https://cdn.shopify.com/s/files/1/0607/3263/7348/files/38763ccd71f9bdc05dc35ab73f66c86e9514e2f3.jpg?v=1752522694;6;;
womens-whisper-taupe-coral;;;;;;;;;;;;;https://cdn.shopify.com/s/files/1/0607/3263/7348/products/WhisperLifestylePDPDoublewide_18f86b7b-6b3f-4940-afd6-387e0709b849.jpg?v=1752522694;7;;
womens-whisper-taupe-coral;;;;;;;;;;;;;https://cdn.shopify.com/s/files/1/0607/3263/7348/products/WhisperLifestylePDPSingleLeft_72c1fea5-10c6-48a1-9327-43ca06f7f0a7.jpg?v=1752522694;8;;
womens-whisper-taupe-coral;;;;;;;;;;;;;https://cdn.shopify.com/s/files/1/0607/3263/7348/products/WhisperLifestylePDPSingleRight_1359148f-a8d9-4447-bc67-22649957f69d.jpg?v=1752522694;9;;
